id,Time_spent_Alone,Stage_fear,Social_event_attendance,Going_outside,Drained_after_socializing,Friends_circle_size,Post_frequency,Personality,dataset,error_type
63,8.0,Yes,4.0,2.0,Yes,,0.0,Extrovert,train,misclassified
102,6.0,Yes,2.0,0.0,Yes,2.0,0.0,Extrovert,train,misclassified
124,4.0,No,7.0,6.0,No,11.0,3.0,Introvert,train,misclassified
139,11.0,,2.0,2.0,Yes,2.0,2.0,Extrovert,train,misclassified
149,0.0,No,4.0,6.0,No,,3.0,Introvert,train,misclassified
272,4.0,No,5.0,3.0,No,12.0,3.0,Introvert,train,misclassified
285,,No,9.0,5.0,No,12.0,6.0,Introvert,train,misclassified
338,,No,9.0,6.0,No,13.0,8.0,Introvert,train,misclassified
398,4.0,Yes,2.0,2.0,Yes,7.0,2.0,Extrovert,train,misclassified
403,6.0,,1.0,,Yes,3.0,2.0,Extrovert,train,misclassified
503,11.0,Yes,1.0,2.0,,3.0,1.0,Extrovert,train,misclassified
518,11.0,Yes,1.0,1.0,Yes,4.0,3.0,Extrovert,train,misclassified
547,2.0,No,10.0,6.0,No,10.0,6.0,Introvert,train,misclassified
558,3.0,Yes,2.0,1.0,Yes,2.0,1.0,Extrovert,train,misclassified
561,1.0,No,9.0,4.0,No,13.0,4.0,Introvert,train,misclassified
655,9.0,Yes,,0.0,Yes,3.0,1.0,Extrovert,train,misclassified
707,6.0,Yes,0.0,1.0,Yes,1.0,2.0,Extrovert,train,misclassified
714,5.0,Yes,4.0,2.0,Yes,4.0,1.0,Extrovert,train,misclassified
727,6.0,Yes,3.0,2.0,Yes,3.0,2.0,Extrovert,train,misclassified
737,7.0,Yes,0.0,,Yes,5.0,2.0,Extrovert,train,misclassified
738,5.0,No,5.0,7.0,No,8.0,7.0,Introvert,train,misclassified
869,10.0,Yes,2.0,0.0,Yes,,2.0,Extrovert,train,misclassified
877,1.0,No,4.0,6.0,No,13.0,4.0,Introvert,train,misclassified
880,5.0,No,0.0,2.0,No,3.0,1.0,Extrovert,train,misclassified
946,7.0,Yes,3.0,2.0,,4.0,2.0,Extrovert,train,misclassified
1037,4.0,Yes,2.0,3.0,Yes,1.0,2.0,Extrovert,train,misclassified
1041,11.0,Yes,0.0,1.0,Yes,0.0,0.0,Extrovert,train,misclassified
1203,9.0,Yes,2.0,2.0,Yes,0.0,1.0,Extrovert,train,misclassified
1211,2.0,No,9.0,6.0,No,6.0,3.0,Introvert,train,misclassified
1230,0.0,Yes,3.0,2.0,Yes,3.0,1.0,Extrovert,train,misclassified
1263,10.0,Yes,3.0,3.0,Yes,4.0,3.0,Extrovert,train,misclassified
1378,4.0,No,9.0,4.0,,12.0,5.0,Introvert,train,misclassified
1430,1.0,No,4.0,5.0,No,10.0,7.0,Introvert,train,misclassified
1460,2.0,No,5.0,6.0,No,14.0,10.0,Introvert,train,misclassified
1499,0.0,No,6.0,3.0,No,14.0,7.0,Introvert,train,misclassified
1511,1.0,No,9.0,7.0,No,8.0,7.0,Introvert,train,misclassified
1515,6.0,Yes,0.0,,Yes,2.0,1.0,Extrovert,train,misclassified
1555,11.0,Yes,0.0,5.0,Yes,2.0,3.0,Extrovert,train,misclassified
1582,7.0,Yes,2.0,0.0,Yes,0.0,2.0,Extrovert,train,misclassified
1585,2.0,No,4.0,7.0,No,6.0,4.0,Introvert,train,misclassified
1596,0.0,No,9.0,7.0,No,13.0,6.0,Introvert,train,misclassified
1615,3.0,,,5.0,No,13.0,5.0,Introvert,train,misclassified
1703,0.0,No,8.0,5.0,No,10.0,6.0,Introvert,train,misclassified
1716,0.0,No,6.0,7.0,,13.0,8.0,Introvert,train,misclassified
1725,1.0,No,5.0,7.0,No,15.0,6.0,Introvert,train,misclassified
1729,4.0,No,4.0,7.0,No,10.0,7.0,Introvert,train,misclassified
1737,8.0,Yes,1.0,3.0,Yes,2.0,3.0,Extrovert,train,misclassified
1766,1.0,No,3.0,,No,6.0,3.0,Introvert,train,misclassified
1774,7.0,No,5.0,7.0,No,13.0,5.0,Introvert,train,misclassified
1834,2.0,No,7.0,5.0,No,7.0,6.0,Introvert,train,misclassified
1845,7.0,Yes,3.0,2.0,Yes,1.0,2.0,Extrovert,train,misclassified
1873,1.0,No,9.0,7.0,No,15.0,10.0,Introvert,train,misclassified
1882,2.0,No,7.0,5.0,No,11.0,8.0,Introvert,train,misclassified
1886,0.0,No,5.0,7.0,No,13.0,9.0,Introvert,train,misclassified
1896,2.0,No,6.0,6.0,No,10.0,10.0,Introvert,train,misclassified
1927,9.0,Yes,2.0,0.0,Yes,,1.0,Extrovert,train,misclassified
1944,8.0,No,0.0,1.0,Yes,4.0,2.0,Extrovert,train,misclassified
1971,,,1.0,2.0,Yes,3.0,2.0,Extrovert,train,misclassified
2001,0.0,No,4.0,5.0,No,12.0,4.0,Introvert,train,misclassified
2004,4.0,No,9.0,4.0,No,13.0,6.0,Introvert,train,misclassified
2029,8.0,Yes,1.0,2.0,Yes,2.0,,Extrovert,train,misclassified
2035,0.0,No,5.0,5.0,No,11.0,10.0,Introvert,train,misclassified
2106,9.0,,3.0,0.0,No,4.0,0.0,Extrovert,train,misclassified
2136,1.0,No,10.0,5.0,No,13.0,4.0,Introvert,train,misclassified
2176,0.0,No,8.0,5.0,No,5.0,5.0,Introvert,train,misclassified
2183,9.0,,3.0,3.0,Yes,2.0,2.0,Extrovert,train,misclassified
2192,10.0,Yes,2.0,,No,1.0,1.0,Extrovert,train,misclassified
2197,2.0,No,9.0,,No,11.0,8.0,Introvert,train,misclassified
2203,0.0,No,,6.0,No,12.0,8.0,Introvert,train,misclassified
2214,4.0,No,3.0,3.0,No,4.0,2.0,Extrovert,train,misclassified
2234,10.0,Yes,1.0,2.0,Yes,2.0,3.0,Extrovert,train,misclassified
2315,2.0,No,6.0,6.0,No,15.0,5.0,Introvert,train,misclassified
2358,0.0,No,4.0,4.0,No,12.0,6.0,Introvert,train,misclassified
2473,11.0,Yes,3.0,,Yes,4.0,2.0,Extrovert,train,misclassified
2526,1.0,No,5.0,5.0,No,10.0,7.0,Introvert,train,misclassified
2553,9.0,No,2.0,3.0,Yes,3.0,1.0,Extrovert,train,misclassified
2613,9.0,Yes,2.0,2.0,Yes,2.0,3.0,Extrovert,train,misclassified
2651,,Yes,3.0,3.0,,4.0,2.0,Introvert,train,misclassified
2653,2.0,No,9.0,6.0,No,9.0,8.0,Introvert,train,misclassified
2694,2.0,No,4.0,7.0,No,4.0,6.0,Introvert,train,misclassified
2712,4.0,Yes,4.0,2.0,Yes,5.0,2.0,Extrovert,train,misclassified
2751,10.0,Yes,1.0,0.0,Yes,2.0,0.0,Extrovert,train,misclassified
2773,4.0,Yes,0.0,2.0,Yes,4.0,,Extrovert,train,misclassified
2835,5.0,,3.0,1.0,Yes,1.0,1.0,Extrovert,train,misclassified
2906,7.0,Yes,0.0,0.0,,3.0,0.0,Extrovert,train,misclassified
3021,10.0,Yes,1.0,1.0,Yes,4.0,,Extrovert,train,misclassified
3086,0.0,No,3.0,5.0,No,14.0,3.0,Introvert,train,misclassified
3130,,No,9.0,5.0,No,12.0,8.0,Introvert,train,misclassified
3153,5.0,Yes,3.0,2.0,,0.0,0.0,Extrovert,train,misclassified
3191,5.0,Yes,0.0,0.0,Yes,1.0,3.0,Extrovert,train,misclassified
3286,,No,3.0,2.0,Yes,5.0,1.0,Extrovert,train,misclassified
3321,7.0,Yes,0.0,0.0,,,0.0,Extrovert,train,misclassified
3398,1.0,No,5.0,7.0,No,6.0,7.0,Introvert,train,misclassified
3410,4.0,Yes,,,Yes,5.0,1.0,Extrovert,train,misclassified
3470,8.0,Yes,1.0,3.0,Yes,5.0,1.0,Extrovert,train,misclassified
3546,6.0,,0.0,,No,4.0,2.0,Extrovert,train,misclassified
3558,2.0,No,7.0,7.0,No,14.0,10.0,Introvert,train,misclassified
3565,7.0,Yes,1.0,0.0,Yes,1.0,,Extrovert,train,misclassified
3621,2.0,No,8.0,7.0,No,11.0,5.0,Introvert,train,misclassified
3642,7.0,Yes,0.0,0.0,Yes,4.0,1.0,Extrovert,train,misclassified
3657,,No,7.0,6.0,No,15.0,10.0,Introvert,train,misclassified
3670,5.0,Yes,3.0,0.0,Yes,,3.0,Extrovert,train,misclassified
3680,1.0,No,3.0,7.0,No,7.0,3.0,Introvert,train,misclassified
3682,3.0,No,,4.0,No,10.0,7.0,Introvert,train,misclassified
3693,4.0,Yes,2.0,0.0,Yes,5.0,3.0,Extrovert,train,misclassified
3697,1.0,No,9.0,7.0,No,11.0,7.0,Introvert,train,misclassified
3700,9.0,No,3.0,2.0,No,4.0,2.0,Extrovert,train,misclassified
3710,,No,8.0,7.0,No,6.0,,Introvert,train,misclassified
3810,7.0,Yes,1.0,1.0,Yes,,2.0,Extrovert,train,misclassified
3827,2.0,No,8.0,5.0,No,9.0,,Introvert,train,misclassified
3833,0.0,No,8.0,3.0,No,9.0,8.0,Introvert,train,misclassified
3840,2.0,No,4.0,7.0,No,15.0,4.0,Introvert,train,misclassified
3855,8.0,Yes,3.0,4.0,Yes,2.0,1.0,Extrovert,train,misclassified
3859,,No,6.0,6.0,No,6.0,,Introvert,train,misclassified
3863,1.0,No,6.0,4.0,No,3.0,7.0,Introvert,train,misclassified
3896,,No,4.0,6.0,No,9.0,3.0,Introvert,train,misclassified
4082,1.0,No,9.0,7.0,No,12.0,4.0,Introvert,train,misclassified
4117,8.0,Yes,1.0,1.0,Yes,0.0,2.0,Extrovert,train,misclassified
4223,2.0,No,4.0,6.0,No,8.0,5.0,Introvert,train,misclassified
4226,,No,7.0,6.0,No,9.0,5.0,Introvert,train,misclassified
4252,9.0,Yes,2.0,0.0,Yes,3.0,1.0,Extrovert,train,misclassified
4258,,No,6.0,5.0,No,13.0,8.0,Introvert,train,misclassified
4340,2.0,No,6.0,3.0,No,15.0,5.0,Introvert,train,misclassified
4411,2.0,No,,6.0,No,11.0,5.0,Introvert,train,misclassified
4427,11.0,Yes,2.0,0.0,Yes,4.0,0.0,Extrovert,train,misclassified
4452,3.0,No,8.0,7.0,No,5.0,6.0,Introvert,train,misclassified
4460,0.0,No,,7.0,No,14.0,5.0,Introvert,train,misclassified
4463,1.0,No,8.0,5.0,No,7.0,7.0,Introvert,train,misclassified
4490,2.0,No,6.0,5.0,No,,4.0,Introvert,train,misclassified
4516,8.0,Yes,1.0,3.0,Yes,4.0,0.0,Extrovert,train,misclassified
4519,3.0,No,9.0,3.0,,9.0,3.0,Introvert,train,misclassified
4548,0.0,No,7.0,3.0,No,10.0,9.0,Introvert,train,misclassified
4565,6.0,Yes,2.0,2.0,Yes,4.0,3.0,Extrovert,train,misclassified
4598,0.0,No,10.0,6.0,No,13.0,4.0,Introvert,train,misclassified
4608,2.0,,7.0,6.0,No,7.0,4.0,Introvert,train,misclassified
4623,2.0,No,7.0,7.0,No,6.0,5.0,Introvert,train,misclassified
4637,2.0,No,10.0,4.0,No,6.0,7.0,Introvert,train,misclassified
4673,,Yes,3.0,,Yes,4.0,0.0,Extrovert,train,misclassified
4677,1.0,No,8.0,3.0,No,4.0,6.0,Introvert,train,misclassified
4796,1.0,,6.0,6.0,No,15.0,3.0,Introvert,train,misclassified
4894,3.0,No,,7.0,No,12.0,6.0,Introvert,train,misclassified
4898,1.0,No,9.0,,No,5.0,4.0,Introvert,train,misclassified
4913,2.0,Yes,2.0,1.0,Yes,5.0,2.0,Extrovert,train,misclassified
4943,1.0,No,9.0,5.0,No,4.0,6.0,Introvert,train,misclassified
4963,3.0,No,3.0,5.0,No,5.0,8.0,Introvert,train,misclassified
5025,7.0,Yes,4.0,2.0,Yes,2.0,1.0,Extrovert,train,misclassified
5041,9.0,Yes,1.0,2.0,Yes,3.0,1.0,Extrovert,train,misclassified
5045,9.0,Yes,3.0,3.0,Yes,3.0,,Extrovert,train,misclassified
5048,3.0,No,4.0,5.0,No,8.0,3.0,Introvert,train,misclassified
5064,1.0,,5.0,6.0,No,15.0,8.0,Introvert,train,misclassified
5081,11.0,Yes,3.0,1.0,Yes,,0.0,Extrovert,train,misclassified
5157,6.0,,1.0,2.0,Yes,3.0,2.0,Extrovert,train,misclassified
5205,7.0,Yes,2.0,3.0,Yes,4.0,3.0,Extrovert,train,misclassified
5272,2.0,No,5.0,6.0,,11.0,6.0,Introvert,train,misclassified
5337,3.0,No,9.0,7.0,No,7.0,7.0,Introvert,train,misclassified
5362,3.0,No,7.0,7.0,No,15.0,8.0,Introvert,train,misclassified
5383,7.0,Yes,2.0,0.0,Yes,3.0,0.0,Extrovert,train,misclassified
5493,0.0,No,5.0,3.0,No,4.0,5.0,Introvert,train,misclassified
5506,8.0,Yes,3.0,2.0,Yes,4.0,,Extrovert,train,misclassified
5512,3.0,No,8.0,3.0,No,9.0,6.0,Introvert,train,misclassified
5573,6.0,Yes,1.0,0.0,Yes,1.0,,Extrovert,train,misclassified
5601,0.0,No,8.0,3.0,No,13.0,3.0,Introvert,train,misclassified
5657,0.0,No,9.0,4.0,No,10.0,8.0,Introvert,train,misclassified
5689,4.0,Yes,3.0,,Yes,3.0,2.0,Extrovert,train,misclassified
5766,5.0,Yes,0.0,,Yes,,2.0,Extrovert,train,misclassified
5851,1.0,Yes,3.0,2.0,Yes,4.0,2.0,Extrovert,train,misclassified
5862,0.0,No,7.0,7.0,No,5.0,5.0,Introvert,train,misclassified
5871,1.0,No,5.0,7.0,No,13.0,10.0,Introvert,train,misclassified
5894,7.0,Yes,2.0,0.0,Yes,2.0,,Extrovert,train,misclassified
5906,2.0,No,7.0,4.0,No,7.0,4.0,Introvert,train,misclassified
5908,6.0,No,10.0,6.0,No,9.0,3.0,Introvert,train,misclassified
5940,6.0,Yes,0.0,,Yes,1.0,2.0,Extrovert,train,misclassified
5941,2.0,No,7.0,4.0,No,,9.0,Introvert,train,misclassified
5962,1.0,No,8.0,7.0,No,11.0,7.0,Introvert,train,misclassified
5992,8.0,Yes,0.0,1.0,Yes,3.0,3.0,Extrovert,train,misclassified
6031,7.0,Yes,2.0,0.0,Yes,3.0,,Extrovert,train,misclassified
6137,3.0,No,4.0,5.0,No,14.0,,Introvert,train,misclassified
6162,1.0,No,7.0,7.0,No,12.0,5.0,Introvert,train,misclassified
6171,,No,9.0,3.0,No,12.0,3.0,Introvert,train,misclassified
6283,9.0,,4.0,4.0,No,7.0,6.0,Introvert,train,misclassified
6306,3.0,No,6.0,5.0,No,15.0,5.0,Introvert,train,misclassified
6477,8.0,Yes,3.0,0.0,Yes,1.0,1.0,Extrovert,train,misclassified
6549,5.0,No,7.0,7.0,No,8.0,4.0,Introvert,train,misclassified
6593,0.0,No,7.0,3.0,No,8.0,7.0,Introvert,train,misclassified
6605,10.0,Yes,1.0,2.0,,2.0,0.0,Extrovert,train,misclassified
6667,0.0,No,6.0,7.0,No,5.0,7.0,Introvert,train,misclassified
6670,2.0,No,5.0,7.0,No,9.0,9.0,Introvert,train,misclassified
6698,1.0,No,8.0,7.0,No,6.0,7.0,Introvert,train,misclassified
6741,2.0,No,3.0,5.0,No,5.0,9.0,Introvert,train,misclassified
6759,9.0,Yes,0.0,2.0,,5.0,1.0,Extrovert,train,misclassified
6912,8.0,Yes,3.0,3.0,Yes,5.0,0.0,Extrovert,train,misclassified
7067,1.0,No,6.0,5.0,No,15.0,9.0,Introvert,train,misclassified
7075,10.0,Yes,1.0,2.0,Yes,0.0,1.0,Extrovert,train,misclassified
7095,3.0,,3.0,6.0,No,8.0,8.0,Introvert,train,misclassified
7141,2.0,No,9.0,5.0,No,11.0,9.0,Introvert,train,misclassified
7152,1.0,,7.0,5.0,No,12.0,9.0,Introvert,train,misclassified
7160,6.0,Yes,0.0,2.0,,4.0,2.0,Extrovert,train,misclassified
7183,1.0,No,6.0,7.0,No,9.0,4.0,Introvert,train,misclassified
7210,6.0,Yes,0.0,1.0,Yes,0.0,2.0,Extrovert,train,misclassified
7228,0.0,No,10.0,5.0,No,12.0,6.0,Introvert,train,misclassified
7239,0.0,No,3.0,5.0,No,6.0,9.0,Introvert,train,misclassified
7339,7.0,Yes,0.0,2.0,,2.0,2.0,Extrovert,train,misclassified
7348,2.0,No,5.0,3.0,No,11.0,3.0,Introvert,train,misclassified
7373,,No,8.0,5.0,No,11.0,,Introvert,train,misclassified
7384,10.0,Yes,4.0,0.0,Yes,2.0,2.0,Extrovert,train,misclassified
7410,2.0,No,7.0,4.0,,14.0,4.0,Introvert,train,misclassified
7423,6.0,Yes,1.0,2.0,Yes,2.0,2.0,Extrovert,train,misclassified
7455,3.0,No,,6.0,No,12.0,5.0,Introvert,train,misclassified
7536,1.0,No,8.0,7.0,No,8.0,5.0,Introvert,train,misclassified
7554,,No,0.0,4.0,No,5.0,6.0,Introvert,train,misclassified
7566,5.0,Yes,1.0,3.0,Yes,4.0,0.0,Extrovert,train,misclassified
7571,3.0,No,7.0,5.0,No,15.0,3.0,Introvert,train,misclassified
7576,2.0,No,6.0,4.0,No,7.0,5.0,Introvert,train,misclassified
7696,10.0,Yes,1.0,1.0,Yes,5.0,1.0,Extrovert,train,misclassified
7706,1.0,No,7.0,5.0,No,13.0,7.0,Introvert,train,misclassified
7711,3.0,No,8.0,6.0,No,7.0,4.0,Introvert,train,misclassified
7726,7.0,Yes,,1.0,Yes,5.0,1.0,Extrovert,train,misclassified
7727,,No,8.0,5.0,No,14.0,,Introvert,train,misclassified
7759,9.0,Yes,1.0,0.0,Yes,4.0,0.0,Extrovert,train,misclassified
7783,6.0,Yes,,2.0,Yes,2.0,2.0,Extrovert,train,misclassified
7801,4.0,Yes,0.0,2.0,Yes,,0.0,Extrovert,train,misclassified
7813,3.0,No,5.0,5.0,No,11.0,4.0,Introvert,train,misclassified
7829,11.0,Yes,2.0,,Yes,0.0,1.0,Extrovert,train,misclassified
7859,5.0,Yes,0.0,2.0,Yes,0.0,3.0,Extrovert,train,misclassified
7862,0.0,No,4.0,7.0,No,8.0,8.0,Introvert,train,misclassified
7881,2.0,No,9.0,5.0,No,6.0,10.0,Introvert,train,misclassified
7902,3.0,No,5.0,3.0,No,,9.0,Introvert,train,misclassified
7913,1.0,No,7.0,7.0,No,11.0,9.0,Introvert,train,misclassified
7918,3.0,No,3.0,4.0,No,14.0,4.0,Introvert,train,misclassified
7931,0.0,No,5.0,7.0,No,5.0,9.0,Introvert,train,misclassified
8002,0.0,No,7.0,5.0,No,13.0,8.0,Introvert,train,misclassified
8056,5.0,Yes,2.0,3.0,Yes,5.0,1.0,Extrovert,train,misclassified
8092,1.0,No,8.0,7.0,No,13.0,8.0,Introvert,train,misclassified
8113,2.0,No,9.0,5.0,No,14.0,4.0,Introvert,train,misclassified
8117,1.0,No,9.0,4.0,,10.0,8.0,Introvert,train,misclassified
8145,0.0,No,8.0,4.0,No,5.0,7.0,Introvert,train,misclassified
8196,,Yes,0.0,3.0,Yes,4.0,0.0,Extrovert,train,misclassified
8227,,Yes,2.0,2.0,Yes,4.0,0.0,Extrovert,train,misclassified
8233,0.0,No,4.0,,No,15.0,7.0,Introvert,train,misclassified
8276,,No,6.0,5.0,No,12.0,6.0,Introvert,train,misclassified
8284,7.0,Yes,3.0,3.0,Yes,2.0,3.0,Extrovert,train,misclassified
8291,10.0,Yes,0.0,2.0,Yes,3.0,,Extrovert,train,misclassified
8318,1.0,,5.0,4.0,No,11.0,3.0,Introvert,train,misclassified
8350,0.0,No,6.0,6.0,No,7.0,6.0,Introvert,train,misclassified
8377,3.0,No,5.0,3.0,No,9.0,8.0,Introvert,train,misclassified
8386,,Yes,2.0,3.0,Yes,5.0,2.0,Extrovert,train,misclassified
8394,,No,5.0,3.0,No,15.0,6.0,Introvert,train,misclassified
8440,9.0,Yes,2.0,2.0,Yes,4.0,0.0,Extrovert,train,misclassified
8452,,No,8.0,6.0,No,11.0,3.0,Introvert,train,misclassified
8501,1.0,No,6.0,,No,10.0,9.0,Introvert,train,misclassified
8578,1.0,No,8.0,6.0,No,8.0,10.0,Introvert,train,misclassified
8608,5.0,No,7.0,3.0,No,10.0,5.0,Introvert,train,misclassified
8659,2.0,No,7.0,6.0,No,11.0,4.0,Introvert,train,misclassified
8688,8.0,Yes,2.0,0.0,Yes,3.0,3.0,Extrovert,train,misclassified
8760,10.0,Yes,2.0,0.0,Yes,3.0,,Extrovert,train,misclassified
8803,4.0,Yes,2.0,0.0,,2.0,1.0,Extrovert,train,misclassified
8842,0.0,No,6.0,3.0,No,5.0,3.0,Introvert,train,misclassified
8847,3.0,No,8.0,4.0,No,,8.0,Introvert,train,misclassified
8859,4.0,No,9.0,7.0,No,9.0,6.0,Introvert,train,misclassified
8923,0.0,,9.0,6.0,No,11.0,5.0,Introvert,train,misclassified
9012,1.0,No,4.0,6.0,No,4.0,4.0,Introvert,train,misclassified
9018,10.0,Yes,0.0,1.0,,3.0,0.0,Extrovert,train,misclassified
9025,0.0,No,3.0,5.0,No,14.0,9.0,Introvert,train,misclassified
9040,4.0,Yes,1.0,3.0,Yes,5.0,0.0,Extrovert,train,misclassified
9157,7.0,Yes,3.0,,Yes,1.0,0.0,Extrovert,train,misclassified
9178,3.0,No,6.0,5.0,No,9.0,6.0,Introvert,train,misclassified
9218,3.0,Yes,0.0,0.0,Yes,4.0,2.0,Extrovert,train,misclassified
9278,3.0,Yes,2.0,2.0,Yes,2.0,2.0,Extrovert,train,misclassified
9306,4.0,No,5.0,7.0,No,10.0,10.0,Introvert,train,misclassified
9311,11.0,,0.0,0.0,Yes,4.0,1.0,Extrovert,train,misclassified
9317,10.0,Yes,3.0,1.0,,4.0,1.0,Extrovert,train,misclassified
9363,0.0,,8.0,5.0,No,5.0,5.0,Introvert,train,misclassified
9410,1.0,No,8.0,5.0,No,15.0,4.0,Introvert,train,misclassified
9425,0.0,Yes,2.0,2.0,Yes,3.0,2.0,Extrovert,train,misclassified
9445,4.0,No,4.0,4.0,No,15.0,4.0,Introvert,train,misclassified
9487,6.0,Yes,3.0,3.0,Yes,,2.0,Extrovert,train,misclassified
9501,6.0,Yes,2.0,2.0,Yes,,2.0,Extrovert,train,misclassified
9521,11.0,Yes,2.0,3.0,Yes,4.0,0.0,Extrovert,train,misclassified
9578,5.0,Yes,2.0,2.0,Yes,5.0,3.0,Extrovert,train,misclassified
9601,3.0,,6.0,7.0,No,8.0,6.0,Introvert,train,misclassified
9636,3.0,No,8.0,7.0,No,6.0,,Introvert,train,misclassified
9716,1.0,No,3.0,7.0,No,11.0,7.0,Introvert,train,misclassified
9738,1.0,No,6.0,5.0,No,11.0,,Introvert,train,misclassified
9750,6.0,Yes,0.0,3.0,Yes,3.0,0.0,Extrovert,train,misclassified
9818,3.0,,4.0,4.0,No,15.0,7.0,Introvert,train,misclassified
9894,0.0,No,3.0,6.0,No,10.0,7.0,Introvert,train,misclassified
10004,6.0,,2.0,0.0,Yes,4.0,1.0,Extrovert,train,misclassified
10022,8.0,Yes,1.0,3.0,Yes,4.0,,Extrovert,train,misclassified
10027,9.0,Yes,1.0,0.0,Yes,3.0,2.0,Extrovert,train,misclassified
10080,5.0,Yes,2.0,,Yes,,0.0,Extrovert,train,misclassified
10120,0.0,No,3.0,7.0,No,7.0,4.0,Introvert,train,misclassified
10149,8.0,Yes,1.0,2.0,,1.0,2.0,Extrovert,train,misclassified
10164,2.0,No,10.0,5.0,No,9.0,5.0,Introvert,train,misclassified
10169,0.0,No,6.0,5.0,No,14.0,8.0,Introvert,train,misclassified
10243,5.0,No,8.0,5.0,No,15.0,3.0,Introvert,train,misclassified
10254,3.0,No,8.0,7.0,No,12.0,7.0,Introvert,train,misclassified
10282,0.0,No,,6.0,No,8.0,10.0,Introvert,train,misclassified
10331,2.0,No,8.0,7.0,No,,6.0,Introvert,train,misclassified
10374,11.0,Yes,0.0,0.0,Yes,,1.0,Extrovert,train,misclassified
10427,1.0,No,6.0,5.0,No,15.0,7.0,Introvert,train,misclassified
10479,3.0,No,3.0,6.0,No,10.0,3.0,Introvert,train,misclassified
10480,1.0,No,7.0,4.0,No,6.0,7.0,Introvert,train,misclassified
10482,2.0,No,,4.0,No,10.0,8.0,Introvert,train,misclassified
10497,,No,7.0,5.0,No,10.0,6.0,Introvert,train,misclassified
10510,7.0,,3.0,2.0,Yes,5.0,0.0,Extrovert,train,misclassified
10614,4.0,No,3.0,0.0,Yes,5.0,,Extrovert,train,misclassified
10630,5.0,Yes,5.0,0.0,Yes,1.0,2.0,Extrovert,train,misclassified
10634,,Yes,1.0,3.0,Yes,0.0,2.0,Extrovert,train,misclassified
10642,1.0,No,9.0,5.0,No,8.0,,Introvert,train,misclassified
10657,2.0,No,3.0,7.0,No,8.0,9.0,Introvert,train,misclassified
10669,1.0,No,4.0,4.0,No,6.0,4.0,Introvert,train,misclassified
10723,4.0,No,6.0,6.0,No,4.0,5.0,Introvert,train,misclassified
10732,6.0,No,6.0,5.0,No,5.0,6.0,Introvert,train,misclassified
10752,8.0,Yes,2.0,,Yes,2.0,1.0,Extrovert,train,misclassified
10756,9.0,Yes,,0.0,Yes,1.0,2.0,Extrovert,train,misclassified
10761,9.0,Yes,2.0,0.0,Yes,1.0,3.0,Extrovert,train,misclassified
10801,8.0,Yes,2.0,1.0,Yes,2.0,,Extrovert,train,misclassified
10834,8.0,Yes,2.0,2.0,Yes,0.0,1.0,Extrovert,train,misclassified
10844,8.0,No,8.0,6.0,No,12.0,4.0,Introvert,train,misclassified
10854,9.0,,0.0,2.0,Yes,2.0,2.0,Extrovert,train,misclassified
10882,7.0,Yes,0.0,1.0,Yes,5.0,0.0,Extrovert,train,misclassified
10888,11.0,Yes,1.0,3.0,Yes,5.0,2.0,Extrovert,train,misclassified
11006,0.0,No,4.0,6.0,No,10.0,5.0,Introvert,train,misclassified
11036,1.0,No,4.0,4.0,No,14.0,,Introvert,train,misclassified
11044,3.0,No,3.0,6.0,No,7.0,3.0,Introvert,train,misclassified
11046,11.0,Yes,2.0,0.0,,3.0,2.0,Extrovert,train,misclassified
11081,7.0,Yes,3.0,2.0,Yes,0.0,1.0,Extrovert,train,misclassified
11247,2.0,No,7.0,3.0,No,7.0,9.0,Introvert,train,misclassified
11255,0.0,,5.0,5.0,No,14.0,7.0,Introvert,train,misclassified
11259,0.0,No,3.0,3.0,No,12.0,5.0,Introvert,train,misclassified
11312,10.0,No,3.0,,No,5.0,3.0,Extrovert,train,misclassified
11334,,No,7.0,7.0,No,10.0,7.0,Introvert,train,misclassified
11360,,No,8.0,7.0,No,10.0,6.0,Introvert,train,misclassified
11456,1.0,No,8.0,7.0,No,14.0,5.0,Introvert,train,misclassified
11467,9.0,Yes,,2.0,Yes,3.0,2.0,Extrovert,train,misclassified
11472,5.0,Yes,1.0,2.0,Yes,3.0,0.0,Extrovert,train,misclassified
11545,5.0,Yes,1.0,0.0,Yes,0.0,2.0,Extrovert,train,misclassified
11546,8.0,Yes,0.0,0.0,Yes,1.0,,Extrovert,train,misclassified
11557,9.0,Yes,1.0,,Yes,3.0,1.0,Extrovert,train,misclassified
11608,7.0,,2.0,2.0,Yes,1.0,1.0,Extrovert,train,misclassified
11613,7.0,Yes,5.0,0.0,Yes,5.0,0.0,Extrovert,train,misclassified
11615,4.0,No,8.0,6.0,No,10.0,7.0,Introvert,train,misclassified
11625,9.0,Yes,3.0,1.0,Yes,1.0,2.0,Extrovert,train,misclassified
11627,4.0,Yes,2.0,2.0,Yes,3.0,5.0,Extrovert,train,misclassified
11715,2.0,No,7.0,6.0,No,7.0,9.0,Introvert,train,misclassified
11758,6.0,Yes,0.0,,,1.0,0.0,Extrovert,train,misclassified
11781,,No,7.0,5.0,No,8.0,7.0,Introvert,train,misclassified
11794,4.0,No,9.0,5.0,No,15.0,6.0,Introvert,train,misclassified
11820,7.0,Yes,0.0,2.0,,5.0,1.0,Extrovert,train,misclassified
11847,0.0,No,7.0,5.0,No,10.0,3.0,Introvert,train,misclassified
11875,11.0,Yes,1.0,1.0,,0.0,2.0,Extrovert,train,misclassified
11936,2.0,,9.0,5.0,No,6.0,9.0,Introvert,train,misclassified
11937,10.0,,2.0,2.0,Yes,2.0,2.0,Extrovert,train,misclassified
11961,0.0,,6.0,5.0,No,10.0,6.0,Introvert,train,misclassified
11962,5.0,Yes,1.0,2.0,Yes,2.0,2.0,Extrovert,train,misclassified
11981,0.0,No,7.0,5.0,,14.0,5.0,Introvert,train,misclassified
12061,4.0,Yes,0.0,1.0,Yes,3.0,2.0,Extrovert,train,misclassified
12105,5.0,Yes,2.0,1.0,Yes,4.0,1.0,Extrovert,train,misclassified
12139,3.0,No,8.0,7.0,No,3.0,9.0,Introvert,train,misclassified
12149,0.0,Yes,3.0,0.0,,4.0,2.0,Extrovert,train,misclassified
12170,1.0,No,3.0,6.0,No,5.0,7.0,Introvert,train,misclassified
12254,1.0,No,9.0,7.0,,12.0,8.0,Introvert,train,misclassified
12283,,No,6.0,5.0,No,14.0,7.0,Introvert,train,misclassified
12288,3.0,,8.0,6.0,No,12.0,7.0,Introvert,train,misclassified
12294,6.0,Yes,5.0,0.0,Yes,3.0,2.0,Extrovert,train,misclassified
12372,7.0,Yes,1.0,3.0,Yes,4.0,2.0,Extrovert,train,misclassified
12382,6.0,,2.0,1.0,Yes,3.0,1.0,Extrovert,train,misclassified
12385,9.0,Yes,2.0,3.0,Yes,3.0,0.0,Extrovert,train,misclassified
12399,0.0,No,3.0,6.0,No,3.0,7.0,Introvert,train,misclassified
12412,8.0,Yes,0.0,3.0,Yes,3.0,3.0,Extrovert,train,misclassified
12428,0.0,No,5.0,5.0,No,12.0,4.0,Introvert,train,misclassified
12439,8.0,Yes,0.0,1.0,Yes,1.0,3.0,Extrovert,train,misclassified
12472,1.0,No,9.0,6.0,No,10.0,6.0,Introvert,train,misclassified
12483,10.0,Yes,2.0,0.0,Yes,1.0,3.0,Extrovert,train,misclassified
12491,8.0,Yes,3.0,1.0,Yes,5.0,3.0,Extrovert,train,misclassified
12517,4.0,Yes,,2.0,Yes,5.0,2.0,Extrovert,train,misclassified
12555,4.0,Yes,3.0,0.0,Yes,3.0,3.0,Extrovert,train,misclassified
12607,2.0,No,5.0,,No,6.0,8.0,Introvert,train,misclassified
12635,2.0,No,7.0,6.0,No,5.0,8.0,Introvert,train,misclassified
12666,3.0,No,9.0,6.0,No,4.0,9.0,Introvert,train,misclassified
12714,,Yes,,0.0,Yes,3.0,1.0,Extrovert,train,misclassified
12788,6.0,Yes,1.0,3.0,Yes,5.0,2.0,Extrovert,train,misclassified
12811,0.0,No,7.0,7.0,No,15.0,7.0,Introvert,train,misclassified
12833,4.0,Yes,3.0,0.0,Yes,1.0,3.0,Extrovert,train,misclassified
12838,3.0,Yes,0.0,2.0,Yes,3.0,0.0,Extrovert,train,misclassified
12869,0.0,No,5.0,6.0,No,5.0,7.0,Introvert,train,misclassified
12880,9.0,Yes,0.0,2.0,Yes,2.0,2.0,Extrovert,train,misclassified
12901,0.0,No,4.0,5.0,No,4.0,9.0,Introvert,train,misclassified
12907,10.0,Yes,0.0,1.0,Yes,1.0,0.0,Extrovert,train,misclassified
12912,4.0,No,9.0,5.0,No,12.0,8.0,Introvert,train,misclassified
12942,0.0,No,9.0,7.0,No,8.0,4.0,Introvert,train,misclassified
12983,,No,6.0,6.0,No,7.0,6.0,Introvert,train,misclassified
13033,9.0,Yes,2.0,2.0,Yes,4.0,3.0,Extrovert,train,misclassified
13037,4.0,Yes,3.0,0.0,,1.0,1.0,Extrovert,train,misclassified
13041,2.0,No,5.0,6.0,No,15.0,4.0,Introvert,train,misclassified
13126,2.0,No,6.0,7.0,No,14.0,3.0,Introvert,train,misclassified
13140,9.0,Yes,3.0,0.0,Yes,,1.0,Extrovert,train,misclassified
13158,4.0,No,5.0,7.0,No,13.0,7.0,Introvert,train,misclassified
13172,,No,10.0,6.0,No,15.0,8.0,Introvert,train,misclassified
13173,2.0,No,6.0,5.0,No,15.0,4.0,Introvert,train,misclassified
13225,11.0,Yes,0.0,0.0,Yes,0.0,2.0,Extrovert,train,misclassified
13269,4.0,Yes,1.0,2.0,Yes,0.0,0.0,Extrovert,train,misclassified
13344,11.0,Yes,1.0,2.0,Yes,3.0,0.0,Extrovert,train,misclassified
13395,11.0,Yes,1.0,0.0,Yes,0.0,2.0,Extrovert,train,misclassified
13444,9.0,Yes,0.0,1.0,,4.0,1.0,Extrovert,train,misclassified
13447,4.0,Yes,3.0,0.0,Yes,4.0,0.0,Extrovert,train,misclassified
13460,4.0,No,6.0,6.0,No,7.0,6.0,Introvert,train,misclassified
13468,9.0,Yes,0.0,1.0,No,3.0,,Extrovert,train,misclassified
13477,0.0,No,8.0,7.0,No,10.0,9.0,Introvert,train,misclassified
13484,6.0,,0.0,,Yes,4.0,1.0,Extrovert,train,misclassified
13491,0.0,No,4.0,6.0,No,12.0,7.0,Introvert,train,misclassified
13508,2.0,No,7.0,7.0,No,11.0,8.0,Introvert,train,misclassified
13521,3.0,,4.0,6.0,No,11.0,4.0,Introvert,train,misclassified
13551,2.0,No,6.0,5.0,No,14.0,4.0,Introvert,train,misclassified
13577,,No,5.0,7.0,No,14.0,3.0,Introvert,train,misclassified
13599,,No,6.0,3.0,No,8.0,6.0,Introvert,train,misclassified
13608,3.0,No,6.0,5.0,No,15.0,9.0,Introvert,train,misclassified
13620,9.0,,3.0,2.0,Yes,5.0,0.0,Extrovert,train,misclassified
13727,6.0,Yes,2.0,2.0,Yes,1.0,2.0,Extrovert,train,misclassified
13792,0.0,No,6.0,4.0,No,10.0,3.0,Introvert,train,misclassified
13799,5.0,Yes,2.0,2.0,Yes,5.0,0.0,Extrovert,train,misclassified
13897,6.0,Yes,3.0,1.0,Yes,2.0,0.0,Extrovert,train,misclassified
13927,,No,5.0,6.0,No,4.0,6.0,Introvert,train,misclassified
13950,3.0,Yes,1.0,2.0,Yes,4.0,1.0,Extrovert,train,misclassified
14083,0.0,,7.0,4.0,No,7.0,8.0,Introvert,train,misclassified
14121,3.0,No,3.0,6.0,No,14.0,9.0,Introvert,train,misclassified
14188,11.0,Yes,2.0,2.0,Yes,1.0,1.0,Extrovert,train,misclassified
14205,1.0,,8.0,5.0,No,14.0,6.0,Introvert,train,misclassified
14256,10.0,Yes,0.0,2.0,Yes,3.0,2.0,Extrovert,train,misclassified
14296,5.0,Yes,2.0,0.0,Yes,0.0,1.0,Extrovert,train,misclassified
14378,0.0,No,5.0,4.0,No,14.0,6.0,Introvert,train,misclassified
14415,7.0,Yes,3.0,2.0,Yes,,2.0,Extrovert,train,misclassified
14503,0.0,No,5.0,,No,14.0,7.0,Introvert,train,misclassified
14530,6.0,Yes,0.0,1.0,Yes,4.0,3.0,Extrovert,train,misclassified
14634,2.0,Yes,3.0,0.0,Yes,4.0,2.0,Extrovert,train,misclassified
14729,9.0,Yes,3.0,2.0,Yes,2.0,0.0,Extrovert,train,misclassified
14753,3.0,No,3.0,4.0,No,3.0,0.0,Introvert,train,misclassified
14795,0.0,No,8.0,4.0,No,14.0,6.0,Introvert,train,misclassified
14813,9.0,Yes,0.0,0.0,Yes,4.0,2.0,Extrovert,train,misclassified
14837,8.0,Yes,2.0,1.0,,2.0,2.0,Extrovert,train,misclassified
14847,2.0,No,9.0,6.0,No,15.0,7.0,Introvert,train,misclassified
14883,5.0,Yes,3.0,3.0,Yes,0.0,1.0,Extrovert,train,misclassified
14898,5.0,,0.0,1.0,Yes,4.0,,Extrovert,train,misclassified
14954,10.0,Yes,3.0,2.0,Yes,2.0,3.0,Extrovert,train,misclassified
15072,2.0,No,8.0,,No,8.0,6.0,Introvert,train,misclassified
15115,3.0,No,8.0,7.0,No,6.0,4.0,Introvert,train,misclassified
15119,2.0,No,8.0,7.0,No,7.0,10.0,Introvert,train,misclassified
15129,,Yes,3.0,1.0,Yes,3.0,2.0,Extrovert,train,misclassified
15131,11.0,Yes,1.0,3.0,Yes,4.0,2.0,Extrovert,train,misclassified
15149,0.0,,4.0,6.0,No,7.0,5.0,Introvert,train,misclassified
15228,4.0,Yes,0.0,0.0,Yes,5.0,2.0,Extrovert,train,misclassified
15255,1.0,No,8.0,6.0,No,10.0,10.0,Introvert,train,misclassified
15355,6.0,Yes,0.0,3.0,Yes,4.0,1.0,Extrovert,train,misclassified
15370,,No,6.0,7.0,No,12.0,7.0,Introvert,train,misclassified
15395,4.0,No,7.0,7.0,No,4.0,7.0,Introvert,train,misclassified
15443,4.0,Yes,0.0,2.0,Yes,3.0,0.0,Extrovert,train,misclassified
15454,0.0,No,,7.0,No,14.0,7.0,Introvert,train,misclassified
15484,10.0,No,3.0,0.0,Yes,,3.0,Extrovert,train,misclassified
15493,7.0,Yes,0.0,1.0,Yes,5.0,2.0,Extrovert,train,misclassified
15504,4.0,No,3.0,7.0,No,13.0,8.0,Introvert,train,misclassified
15537,9.0,Yes,5.0,3.0,Yes,5.0,3.0,Extrovert,train,misclassified
15540,7.0,Yes,3.0,0.0,Yes,,0.0,Extrovert,train,misclassified
15568,7.0,Yes,1.0,1.0,Yes,0.0,,Extrovert,train,misclassified
15589,2.0,No,5.0,5.0,No,15.0,9.0,Introvert,train,misclassified
15648,11.0,Yes,1.0,3.0,Yes,2.0,2.0,Extrovert,train,misclassified
15654,0.0,No,7.0,7.0,No,3.0,7.0,Introvert,train,misclassified
15678,1.0,,6.0,5.0,No,5.0,9.0,Introvert,train,misclassified
15683,0.0,No,6.0,6.0,No,13.0,7.0,Introvert,train,misclassified
15709,10.0,Yes,,1.0,Yes,2.0,1.0,Extrovert,train,misclassified
15743,2.0,No,6.0,7.0,No,5.0,5.0,Introvert,train,misclassified
15908,10.0,Yes,1.0,,Yes,1.0,2.0,Extrovert,train,misclassified
15946,0.0,Yes,2.0,0.0,Yes,4.0,1.0,Extrovert,train,misclassified
15960,4.0,No,9.0,6.0,No,10.0,7.0,Introvert,train,misclassified
15972,1.0,No,6.0,4.0,No,15.0,,Introvert,train,misclassified
16145,2.0,No,6.0,7.0,No,11.0,9.0,Introvert,train,misclassified
16165,11.0,Yes,2.0,1.0,Yes,4.0,3.0,Extrovert,train,misclassified
16188,3.0,No,5.0,7.0,No,5.0,8.0,Introvert,train,misclassified
16204,4.0,Yes,3.0,2.0,Yes,,1.0,Extrovert,train,misclassified
16244,3.0,,6.0,5.0,No,12.0,3.0,Introvert,train,misclassified
16275,0.0,,5.0,4.0,No,15.0,4.0,Introvert,train,misclassified
16371,3.0,No,5.0,7.0,No,6.0,7.0,Introvert,train,misclassified
16400,,No,8.0,,No,12.0,9.0,Introvert,train,misclassified
16434,4.0,Yes,1.0,1.0,Yes,5.0,2.0,Extrovert,train,misclassified
16473,4.0,Yes,0.0,2.0,Yes,2.0,3.0,Extrovert,train,misclassified
16567,0.0,No,9.0,6.0,No,13.0,9.0,Introvert,train,misclassified
16638,0.0,No,9.0,7.0,No,13.0,5.0,Introvert,train,misclassified
16643,8.0,,3.0,2.0,Yes,4.0,0.0,Extrovert,train,misclassified
16655,3.0,No,,5.0,No,11.0,10.0,Introvert,train,misclassified
16703,0.0,No,5.0,3.0,No,10.0,10.0,Introvert,train,misclassified
16783,3.0,No,6.0,3.0,No,15.0,9.0,Introvert,train,misclassified
16801,0.0,No,10.0,5.0,No,9.0,9.0,Introvert,train,misclassified
16847,0.0,No,9.0,5.0,No,12.0,3.0,Introvert,train,misclassified
16848,1.0,No,,4.0,No,9.0,3.0,Introvert,train,misclassified
16854,1.0,No,7.0,5.0,No,8.0,7.0,Introvert,train,misclassified
16917,3.0,Yes,2.0,0.0,Yes,5.0,0.0,Extrovert,train,misclassified
16953,1.0,No,9.0,7.0,No,12.0,8.0,Introvert,train,misclassified
16976,1.0,No,6.0,4.0,,13.0,5.0,Introvert,train,misclassified
17013,10.0,Yes,3.0,,Yes,5.0,1.0,Extrovert,train,misclassified
17091,3.0,No,4.0,3.0,No,8.0,7.0,Introvert,train,misclassified
17116,6.0,No,4.0,6.0,No,8.0,7.0,Introvert,train,misclassified
17141,6.0,Yes,0.0,2.0,Yes,2.0,2.0,Extrovert,train,misclassified
17143,10.0,,2.0,0.0,Yes,5.0,2.0,Extrovert,train,misclassified
17287,1.0,No,8.0,,No,5.0,8.0,Introvert,train,misclassified
17369,0.0,No,6.0,5.0,,8.0,8.0,Introvert,train,misclassified
17386,9.0,Yes,1.0,2.0,Yes,0.0,6.0,Extrovert,train,misclassified
17454,5.0,Yes,0.0,3.0,Yes,4.0,2.0,Extrovert,train,misclassified
17483,3.0,No,7.0,7.0,No,15.0,,Introvert,train,misclassified
17621,4.0,No,7.0,7.0,No,15.0,4.0,Introvert,train,misclassified
17641,9.0,Yes,3.0,1.0,Yes,5.0,2.0,Extrovert,train,misclassified
17678,10.0,Yes,2.0,3.0,Yes,0.0,2.0,Extrovert,train,misclassified
17733,7.0,Yes,2.0,1.0,Yes,7.0,2.0,Extrovert,train,misclassified
17734,0.0,No,9.0,4.0,No,9.0,6.0,Introvert,train,misclassified
17750,9.0,Yes,1.0,1.0,Yes,5.0,3.0,Extrovert,train,misclassified
17793,,No,5.0,3.0,No,15.0,8.0,Introvert,train,misclassified
17816,2.0,No,7.0,7.0,No,5.0,9.0,Introvert,train,misclassified
17930,11.0,Yes,0.0,0.0,,3.0,0.0,Extrovert,train,misclassified
17989,3.0,No,6.0,6.0,No,12.0,8.0,Introvert,train,misclassified
17992,,No,7.0,4.0,No,11.0,3.0,Introvert,train,misclassified
18018,6.0,Yes,0.0,2.0,Yes,0.0,2.0,Extrovert,train,misclassified
18148,6.0,Yes,1.0,3.0,Yes,3.0,3.0,Extrovert,train,misclassified
18214,,,0.0,3.0,,4.0,3.0,Introvert,train,misclassified
18276,0.0,No,9.0,5.0,No,10.0,9.0,Introvert,train,misclassified
18282,9.0,Yes,2.0,0.0,Yes,8.0,0.0,Extrovert,train,misclassified
18312,0.0,No,5.0,6.0,No,15.0,9.0,Introvert,train,misclassified
18317,11.0,,0.0,0.0,Yes,2.0,0.0,Extrovert,train,misclassified
18337,5.0,Yes,3.0,,,4.0,2.0,Extrovert,train,misclassified
18377,5.0,Yes,2.0,0.0,Yes,7.0,1.0,Extrovert,train,misclassified
18437,11.0,Yes,0.0,2.0,Yes,0.0,3.0,Extrovert,train,misclassified
18443,,No,7.0,4.0,No,9.0,4.0,Introvert,train,misclassified
18486,3.0,No,5.0,3.0,No,6.0,8.0,Introvert,train,misclassified
18876,10.0,No,,6.0,No,10.0,7.0,Extrovert,test,potential_misclassified
18954,2.0,No,0.0,7.0,No,12.0,4.0,Extrovert,test,potential_misclassified
19192,1.0,No,6.0,6.0,No,2.0,9.0,Extrovert,test,potential_misclassified
19410,3.0,No,8.0,5.0,No,1.0,9.0,Extrovert,test,potential_misclassified
19612,5.0,No,0.0,0.0,Yes,4.0,3.0,Extrovert,test,potential_misclassified
20765,10.0,No,8.0,4.0,No,12.0,3.0,Extrovert,test,potential_misclassified
20786,3.0,No,9.0,3.0,No,0.0,8.0,Extrovert,test,potential_misclassified
20985,1.0,Yes,0.0,1.0,Yes,5.0,0.0,Introvert,test,potential_misclassified
21294,0.0,Yes,1.0,1.0,Yes,3.0,1.0,Introvert,test,potential_misclassified
21359,11.0,No,3.0,1.0,No,4.0,2.0,Extrovert,test,potential_misclassified
21457,1.0,Yes,3.0,2.0,Yes,2.0,0.0,Introvert,test,potential_misclassified
21800,10.0,No,3.0,4.0,No,5.0,1.0,Extrovert,test,potential_misclassified
22028,0.0,No,7.0,4.0,No,1.0,8.0,Extrovert,test,potential_misclassified
22049,0.0,No,0.0,5.0,No,9.0,5.0,Extrovert,test,potential_misclassified
22291,4.0,No,3.0,,No,2.0,2.0,Extrovert,test,potential_misclassified
22547,11.0,No,5.0,4.0,No,6.0,5.0,Extrovert,test,potential_misclassified
22660,10.0,,5.0,4.0,No,14.0,3.0,Extrovert,test,potential_misclassified
23336,9.0,No,2.0,4.0,No,4.0,3.0,Extrovert,test,potential_misclassified
23418,8.0,No,2.0,3.0,No,4.0,,Extrovert,test,potential_misclassified
23547,11.0,No,9.0,6.0,No,13.0,4.0,Extrovert,test,potential_misclassified
23844,11.0,No,2.0,4.0,No,2.0,3.0,Extrovert,test,potential_misclassified
24143,0.0,No,9.0,5.0,No,2.0,9.0,Extrovert,test,potential_misclassified
24428,4.0,Yes,0.0,1.0,Yes,15.0,2.0,Introvert,test,potential_misclassified
