index,actual,predicted,probability,confidence,Time_spent_Alone,Social_event_attendance,Friends_circle_size,Going_outside,Post_frequency,Stage_fear,Drained_after_socializing,id,is_error
63,Extrovert,Introvert,0.98666584,0.97333168,8.0,4.0,,2.0,0.0,Yes,Yes,63,True
102,Extrovert,Introvert,0.99666584,0.99333168,6.0,2.0,2.0,0.0,0.0,Yes,Yes,102,True
124,Introvert,Extrovert,0.0033333334,0.9933333332,4.0,7.0,11.0,6.0,3.0,No,No,124,True
139,Extrovert,Introvert,0.9733325,0.9466650000000001,11.0,2.0,2.0,2.0,2.0,,Yes,139,True
149,Introvert,Extrovert,0.0,1.0,0.0,4.0,,6.0,3.0,No,No,149,True
272,Introvert,Extrovert,0.006666667,0.986666666,4.0,5.0,12.0,3.0,3.0,No,No,272,True
285,Introvert,Extrovert,0.04666667,0.90666666,,9.0,12.0,5.0,6.0,No,No,285,True
338,Introvert,Extrovert,0.006666667,0.986666666,,9.0,13.0,6.0,8.0,No,No,338,True
398,Extrovert,Introvert,0.9566659,0.9133317999999999,4.0,2.0,7.0,2.0,2.0,Yes,Yes,398,True
403,Extrovert,Introvert,0.92999923,0.8599984599999999,6.0,1.0,3.0,,2.0,,Yes,403,True
503,Extrovert,Introvert,0.9899992,0.9799983999999999,11.0,1.0,3.0,2.0,1.0,Yes,,503,True
518,Extrovert,Introvert,0.9133326,0.8266652000000001,11.0,1.0,4.0,1.0,3.0,Yes,Yes,518,True
547,Introvert,Extrovert,0.0,1.0,2.0,10.0,10.0,6.0,6.0,No,No,547,True
558,Extrovert,Introvert,0.99666584,0.99333168,3.0,2.0,2.0,1.0,1.0,Yes,Yes,558,True
559,Extrovert,Introvert,0.9366659,0.8733318000000001,,2.0,8.0,0.0,0.0,Yes,Yes,559,True
561,Introvert,Extrovert,0.0,1.0,1.0,9.0,13.0,4.0,4.0,No,No,561,True
651,Extrovert,Introvert,0.9699992,0.9399983999999999,11.0,2.0,4.0,3.0,3.0,Yes,Yes,651,True
655,Extrovert,Introvert,0.99999917,0.9999983400000001,9.0,,3.0,0.0,1.0,Yes,Yes,655,True
707,Extrovert,Introvert,0.96666586,0.93333172,6.0,0.0,1.0,1.0,2.0,Yes,Yes,707,True
714,Extrovert,Introvert,0.9733325,0.9466650000000001,5.0,4.0,4.0,2.0,1.0,Yes,Yes,714,True
727,Extrovert,Introvert,0.9933325,0.9866649999999999,6.0,3.0,3.0,2.0,2.0,Yes,Yes,727,True
737,Extrovert,Introvert,0.9933325,0.9866649999999999,7.0,0.0,5.0,,2.0,Yes,Yes,737,True
738,Introvert,Extrovert,0.08999998,0.82000004,5.0,5.0,8.0,7.0,7.0,No,No,738,True
868,Introvert,Extrovert,0.056666672,0.886666656,0.0,5.0,5.0,3.0,3.0,Yes,Yes,868,True
869,Extrovert,Introvert,0.99666584,0.99333168,10.0,2.0,,0.0,2.0,Yes,Yes,869,True
877,Introvert,Extrovert,0.0,1.0,1.0,4.0,13.0,6.0,4.0,No,No,877,True
946,Extrovert,Introvert,0.9933325,0.9866649999999999,7.0,3.0,4.0,2.0,2.0,Yes,,946,True
1037,Extrovert,Introvert,0.99999917,0.9999983400000001,4.0,2.0,1.0,3.0,2.0,Yes,Yes,1037,True
1041,Extrovert,Introvert,0.9599992,0.9199984000000001,11.0,0.0,0.0,1.0,0.0,Yes,Yes,1041,True
1203,Extrovert,Introvert,0.99666584,0.99333168,9.0,2.0,0.0,2.0,1.0,Yes,Yes,1203,True
1211,Introvert,Extrovert,0.0,1.0,2.0,9.0,6.0,6.0,3.0,No,No,1211,True
1263,Extrovert,Introvert,0.98666584,0.97333168,10.0,3.0,4.0,3.0,3.0,Yes,Yes,1263,True
1378,Introvert,Extrovert,0.016666668,0.966666664,4.0,9.0,12.0,4.0,5.0,No,,1378,True
1422,Extrovert,Introvert,0.99999917,0.9999983400000001,9.0,0.0,15.0,1.0,1.0,Yes,Yes,1422,True
1430,Introvert,Extrovert,0.0,1.0,1.0,4.0,10.0,5.0,7.0,No,No,1430,True
1460,Introvert,Extrovert,0.0,1.0,2.0,5.0,14.0,6.0,10.0,No,No,1460,True
1499,Introvert,Extrovert,0.0,1.0,0.0,6.0,14.0,3.0,7.0,No,No,1499,True
1511,Introvert,Extrovert,0.0,1.0,1.0,9.0,8.0,7.0,7.0,No,No,1511,True
1515,Extrovert,Introvert,0.99999917,0.9999983400000001,6.0,0.0,2.0,,1.0,Yes,Yes,1515,True
1555,Extrovert,Introvert,0.9133326,0.8266652000000001,11.0,0.0,2.0,5.0,3.0,Yes,Yes,1555,True
1582,Extrovert,Introvert,0.99999917,0.9999983400000001,7.0,2.0,0.0,0.0,2.0,Yes,Yes,1582,True
1585,Introvert,Extrovert,0.0,1.0,2.0,4.0,6.0,7.0,4.0,No,No,1585,True
1596,Introvert,Extrovert,0.0,1.0,0.0,9.0,13.0,7.0,6.0,No,No,1596,True
1615,Introvert,Extrovert,0.0,1.0,3.0,,13.0,5.0,5.0,,No,1615,True
1703,Introvert,Extrovert,0.0,1.0,0.0,8.0,10.0,5.0,6.0,No,No,1703,True
1716,Introvert,Extrovert,0.020000001,0.959999998,0.0,6.0,13.0,7.0,8.0,No,,1716,True
1725,Introvert,Extrovert,0.0,1.0,1.0,5.0,15.0,7.0,6.0,No,No,1725,True
1729,Introvert,Extrovert,0.016666668,0.966666664,4.0,4.0,10.0,7.0,7.0,No,No,1729,True
1737,Extrovert,Introvert,0.9899992,0.9799983999999999,8.0,1.0,2.0,3.0,3.0,Yes,Yes,1737,True
1766,Introvert,Extrovert,0.0,1.0,1.0,3.0,6.0,,3.0,No,No,1766,True
1774,Introvert,Extrovert,0.02666667,0.94666666,7.0,5.0,13.0,7.0,5.0,No,No,1774,True
1834,Introvert,Extrovert,0.0,1.0,2.0,7.0,7.0,5.0,6.0,No,No,1834,True
1845,Extrovert,Introvert,0.99999917,0.9999983400000001,7.0,3.0,1.0,2.0,2.0,Yes,Yes,1845,True
1873,Introvert,Extrovert,0.0,1.0,1.0,9.0,15.0,7.0,10.0,No,No,1873,True
1882,Introvert,Extrovert,0.006666667,0.986666666,2.0,7.0,11.0,5.0,8.0,No,No,1882,True
1886,Introvert,Extrovert,0.0,1.0,0.0,5.0,13.0,7.0,9.0,No,No,1886,True
1896,Introvert,Extrovert,0.01,0.98,2.0,6.0,10.0,6.0,10.0,No,No,1896,True
1927,Extrovert,Introvert,0.94333255,0.8866651000000001,9.0,2.0,,0.0,1.0,Yes,Yes,1927,True
1971,Extrovert,Introvert,0.9733325,0.9466650000000001,,1.0,3.0,2.0,2.0,,Yes,1971,True
2001,Introvert,Extrovert,0.01,0.98,0.0,4.0,12.0,5.0,4.0,No,No,2001,True
2004,Introvert,Extrovert,0.01,0.98,4.0,9.0,13.0,4.0,6.0,No,No,2004,True
2029,Extrovert,Introvert,0.99666584,0.99333168,8.0,1.0,2.0,2.0,,Yes,Yes,2029,True
2035,Introvert,Extrovert,0.0033333334,0.9933333332,0.0,5.0,11.0,5.0,10.0,No,No,2035,True
2136,Introvert,Extrovert,0.0,1.0,1.0,10.0,13.0,5.0,4.0,No,No,2136,True
2176,Introvert,Extrovert,0.0,1.0,0.0,8.0,5.0,5.0,5.0,No,No,2176,True
2183,Extrovert,Introvert,0.99999917,0.9999983400000001,9.0,3.0,2.0,3.0,2.0,,Yes,2183,True
2197,Introvert,Extrovert,0.0,1.0,2.0,9.0,11.0,,8.0,No,No,2197,True
2203,Introvert,Extrovert,0.0,1.0,0.0,,12.0,6.0,8.0,No,No,2203,True
2234,Extrovert,Introvert,0.9899992,0.9799983999999999,10.0,1.0,2.0,2.0,3.0,Yes,Yes,2234,True
2315,Introvert,Extrovert,0.020000001,0.959999998,2.0,6.0,15.0,6.0,5.0,No,No,2315,True
2358,Introvert,Extrovert,0.0,1.0,0.0,4.0,12.0,4.0,6.0,No,No,2358,True
2473,Extrovert,Introvert,0.99666584,0.99333168,11.0,3.0,4.0,,2.0,Yes,Yes,2473,True
2526,Introvert,Extrovert,0.0,1.0,1.0,5.0,10.0,5.0,7.0,No,No,2526,True
2613,Extrovert,Introvert,0.99999917,0.9999983400000001,9.0,2.0,2.0,2.0,3.0,Yes,Yes,2613,True
2653,Introvert,Extrovert,0.0,1.0,2.0,9.0,9.0,6.0,8.0,No,No,2653,True
2694,Introvert,Extrovert,0.0033333334,0.9933333332,2.0,4.0,4.0,7.0,6.0,No,No,2694,True
2712,Extrovert,Introvert,0.9399992,0.8799984000000001,4.0,4.0,5.0,2.0,2.0,Yes,Yes,2712,True
2751,Extrovert,Introvert,0.99999917,0.9999983400000001,10.0,1.0,2.0,0.0,0.0,Yes,Yes,2751,True
2773,Extrovert,Introvert,0.99666584,0.99333168,4.0,0.0,4.0,2.0,,Yes,Yes,2773,True
2835,Extrovert,Introvert,0.99999917,0.9999983400000001,5.0,3.0,1.0,1.0,1.0,,Yes,2835,True
2906,Extrovert,Introvert,0.96333253,0.9266650599999999,7.0,0.0,3.0,0.0,0.0,Yes,,2906,True
3021,Extrovert,Introvert,0.99666584,0.99333168,10.0,1.0,4.0,1.0,,Yes,Yes,3021,True
3086,Introvert,Extrovert,0.0,1.0,0.0,3.0,14.0,5.0,3.0,No,No,3086,True
3153,Extrovert,Introvert,0.99666584,0.99333168,5.0,3.0,0.0,2.0,0.0,Yes,,3153,True
3191,Extrovert,Introvert,0.9899992,0.9799983999999999,5.0,0.0,1.0,0.0,3.0,Yes,Yes,3191,True
3321,Extrovert,Introvert,0.9599992,0.9199984000000001,7.0,0.0,,0.0,0.0,Yes,,3321,True
3398,Introvert,Extrovert,0.0,1.0,1.0,5.0,6.0,7.0,7.0,No,No,3398,True
3410,Extrovert,Introvert,0.9933325,0.9866649999999999,4.0,,5.0,,1.0,Yes,Yes,3410,True
3470,Extrovert,Introvert,0.99666584,0.99333168,8.0,1.0,5.0,3.0,1.0,Yes,Yes,3470,True
3558,Introvert,Extrovert,0.006666667,0.986666666,2.0,7.0,14.0,7.0,10.0,No,No,3558,True
3565,Extrovert,Introvert,0.9499992,0.8999984000000001,7.0,1.0,1.0,0.0,,Yes,Yes,3565,True
3621,Introvert,Extrovert,0.0033333334,0.9933333332,2.0,8.0,11.0,7.0,5.0,No,No,3621,True
3642,Extrovert,Introvert,0.98666584,0.97333168,7.0,0.0,4.0,0.0,1.0,Yes,Yes,3642,True
3657,Introvert,Extrovert,0.0,1.0,,7.0,15.0,6.0,10.0,No,No,3657,True
3670,Extrovert,Introvert,0.99666584,0.99333168,5.0,3.0,,0.0,3.0,Yes,Yes,3670,True
3680,Introvert,Extrovert,0.04666667,0.90666666,1.0,3.0,7.0,7.0,3.0,No,No,3680,True
3682,Introvert,Extrovert,0.0,1.0,3.0,,10.0,4.0,7.0,No,No,3682,True
3693,Extrovert,Introvert,0.9899992,0.9799983999999999,4.0,2.0,5.0,0.0,3.0,Yes,Yes,3693,True
3697,Introvert,Extrovert,0.013333334,0.973333332,1.0,9.0,11.0,7.0,7.0,No,No,3697,True
3710,Introvert,Extrovert,0.09999997,0.80000006,,8.0,6.0,7.0,,No,No,3710,True
3810,Extrovert,Introvert,0.99666584,0.99333168,7.0,1.0,,1.0,2.0,Yes,Yes,3810,True
3827,Introvert,Extrovert,0.0,1.0,2.0,8.0,9.0,5.0,,No,No,3827,True
3833,Introvert,Extrovert,0.0,1.0,0.0,8.0,9.0,3.0,8.0,No,No,3833,True
3840,Introvert,Extrovert,0.0033333334,0.9933333332,2.0,4.0,15.0,7.0,4.0,No,No,3840,True
3855,Extrovert,Introvert,0.9933325,0.9866649999999999,8.0,3.0,2.0,4.0,1.0,Yes,Yes,3855,True
3859,Introvert,Extrovert,0.01,0.98,,6.0,6.0,6.0,,No,No,3859,True
3863,Introvert,Extrovert,0.0,1.0,1.0,6.0,3.0,4.0,7.0,No,No,3863,True
3896,Introvert,Extrovert,0.0033333334,0.9933333332,,4.0,9.0,6.0,3.0,No,No,3896,True
4082,Introvert,Extrovert,0.0,1.0,1.0,9.0,12.0,7.0,4.0,No,No,4082,True
4117,Extrovert,Introvert,0.9833325,0.9666650000000001,8.0,1.0,0.0,1.0,2.0,Yes,Yes,4117,True
4223,Introvert,Extrovert,0.0,1.0,2.0,4.0,8.0,6.0,5.0,No,No,4223,True
4226,Introvert,Extrovert,0.0,1.0,,7.0,9.0,6.0,5.0,No,No,4226,True
4252,Extrovert,Introvert,0.9833325,0.9666650000000001,9.0,2.0,3.0,0.0,1.0,Yes,Yes,4252,True
4258,Introvert,Extrovert,0.023333335,0.95333333,,6.0,13.0,5.0,8.0,No,No,4258,True
4340,Introvert,Extrovert,0.0,1.0,2.0,6.0,15.0,3.0,5.0,No,No,4340,True
4411,Introvert,Extrovert,0.006666667,0.986666666,2.0,,11.0,6.0,5.0,No,No,4411,True
4427,Extrovert,Introvert,0.9499992,0.8999984000000001,11.0,2.0,4.0,0.0,0.0,Yes,Yes,4427,True
4452,Introvert,Extrovert,0.006666667,0.986666666,3.0,8.0,5.0,7.0,6.0,No,No,4452,True
4460,Introvert,Extrovert,0.0,1.0,0.0,,14.0,7.0,5.0,No,No,4460,True
4463,Introvert,Extrovert,0.0,1.0,1.0,8.0,7.0,5.0,7.0,No,No,4463,True
4490,Introvert,Extrovert,0.0,1.0,2.0,6.0,,5.0,4.0,No,No,4490,True
4516,Extrovert,Introvert,0.9699992,0.9399983999999999,8.0,1.0,4.0,3.0,0.0,Yes,Yes,4516,True
4519,Introvert,Extrovert,0.0,1.0,3.0,9.0,9.0,3.0,3.0,No,,4519,True
4548,Introvert,Extrovert,0.0,1.0,0.0,7.0,10.0,3.0,9.0,No,No,4548,True
4565,Extrovert,Introvert,0.99999917,0.9999983400000001,6.0,2.0,4.0,2.0,3.0,Yes,Yes,4565,True
4598,Introvert,Extrovert,0.0,1.0,0.0,10.0,13.0,6.0,4.0,No,No,4598,True
4608,Introvert,Extrovert,0.0,1.0,2.0,7.0,7.0,6.0,4.0,,No,4608,True
4623,Introvert,Extrovert,0.0,1.0,2.0,7.0,6.0,7.0,5.0,No,No,4623,True
4637,Introvert,Extrovert,0.0,1.0,2.0,10.0,6.0,4.0,7.0,No,No,4637,True
4673,Extrovert,Introvert,0.9699992,0.9399983999999999,,3.0,4.0,,0.0,Yes,Yes,4673,True
4677,Introvert,Extrovert,0.0,1.0,1.0,8.0,4.0,3.0,6.0,No,No,4677,True
4796,Introvert,Extrovert,0.0,1.0,1.0,6.0,15.0,6.0,3.0,,No,4796,True
4830,Introvert,Extrovert,0.040000003,0.919999994,1.0,3.0,1.0,6.0,4.0,No,No,4830,True
4894,Introvert,Extrovert,0.0033333334,0.9933333332,3.0,,12.0,7.0,6.0,No,No,4894,True
4898,Introvert,Extrovert,0.0,1.0,1.0,9.0,5.0,,4.0,No,No,4898,True
4943,Introvert,Extrovert,0.0,1.0,1.0,9.0,4.0,5.0,6.0,No,No,4943,True
4963,Introvert,Extrovert,0.040000003,0.919999994,3.0,3.0,5.0,5.0,8.0,No,No,4963,True
5025,Extrovert,Introvert,0.96666586,0.93333172,7.0,4.0,2.0,2.0,1.0,Yes,Yes,5025,True
5041,Extrovert,Introvert,0.99999917,0.9999983400000001,9.0,1.0,3.0,2.0,1.0,Yes,Yes,5041,True
5045,Extrovert,Introvert,0.99666584,0.99333168,9.0,3.0,3.0,3.0,,Yes,Yes,5045,True
5048,Introvert,Extrovert,0.0,1.0,3.0,4.0,8.0,5.0,3.0,No,No,5048,True
5064,Introvert,Extrovert,0.0033333334,0.9933333332,1.0,5.0,15.0,6.0,8.0,,No,5064,True
5081,Extrovert,Introvert,0.99999917,0.9999983400000001,11.0,3.0,,1.0,0.0,Yes,Yes,5081,True
5157,Extrovert,Introvert,0.97666585,0.9533316999999999,6.0,1.0,3.0,2.0,2.0,,Yes,5157,True
5205,Extrovert,Introvert,0.98666584,0.97333168,7.0,2.0,4.0,3.0,3.0,Yes,Yes,5205,True
5272,Introvert,Extrovert,0.0,1.0,2.0,5.0,11.0,6.0,6.0,No,,5272,True
5337,Introvert,Extrovert,0.0,1.0,3.0,9.0,7.0,7.0,7.0,No,No,5337,True
5362,Introvert,Extrovert,0.006666667,0.986666666,3.0,7.0,15.0,7.0,8.0,No,No,5362,True
5383,Extrovert,Introvert,0.9799992,0.9599983999999999,7.0,2.0,3.0,0.0,0.0,Yes,Yes,5383,True
5493,Introvert,Extrovert,0.0,1.0,0.0,5.0,4.0,3.0,5.0,No,No,5493,True
5506,Extrovert,Introvert,0.99999917,0.9999983400000001,8.0,3.0,4.0,2.0,,Yes,Yes,5506,True
5512,Introvert,Extrovert,0.0,1.0,3.0,8.0,9.0,3.0,6.0,No,No,5512,True
5573,Extrovert,Introvert,0.9933325,0.9866649999999999,6.0,1.0,1.0,0.0,,Yes,Yes,5573,True
5601,Introvert,Extrovert,0.0,1.0,0.0,8.0,13.0,3.0,3.0,No,No,5601,True
5657,Introvert,Extrovert,0.0,1.0,0.0,9.0,10.0,4.0,8.0,No,No,5657,True
5689,Extrovert,Introvert,0.99666584,0.99333168,4.0,3.0,3.0,,2.0,Yes,Yes,5689,True
5766,Extrovert,Introvert,0.9899992,0.9799983999999999,5.0,0.0,,,2.0,Yes,Yes,5766,True
5862,Introvert,Extrovert,0.006666667,0.986666666,0.0,7.0,5.0,7.0,5.0,No,No,5862,True
5871,Introvert,Extrovert,0.0033333334,0.9933333332,1.0,5.0,13.0,7.0,10.0,No,No,5871,True
5894,Extrovert,Introvert,0.9599992,0.9199984000000001,7.0,2.0,2.0,0.0,,Yes,Yes,5894,True
5906,Introvert,Extrovert,0.0,1.0,2.0,7.0,7.0,4.0,4.0,No,No,5906,True
5940,Extrovert,Introvert,0.9733325,0.9466650000000001,6.0,0.0,1.0,,2.0,Yes,Yes,5940,True
5941,Introvert,Extrovert,0.0,1.0,2.0,7.0,,4.0,9.0,No,No,5941,True
5962,Introvert,Extrovert,0.01,0.98,1.0,8.0,11.0,7.0,7.0,No,No,5962,True
5992,Extrovert,Introvert,0.9933325,0.9866649999999999,8.0,0.0,3.0,1.0,3.0,Yes,Yes,5992,True
6031,Extrovert,Introvert,0.9499992,0.8999984000000001,7.0,2.0,3.0,0.0,,Yes,Yes,6031,True
6137,Introvert,Extrovert,0.0,1.0,3.0,4.0,14.0,5.0,,No,No,6137,True
6162,Introvert,Extrovert,0.0,1.0,1.0,7.0,12.0,7.0,5.0,No,No,6162,True
6171,Introvert,Extrovert,0.0033333334,0.9933333332,,9.0,12.0,3.0,3.0,No,No,6171,True
6306,Introvert,Extrovert,0.016666668,0.966666664,3.0,6.0,15.0,5.0,5.0,No,No,6306,True
6477,Extrovert,Introvert,0.99999917,0.9999983400000001,8.0,3.0,1.0,0.0,1.0,Yes,Yes,6477,True
6549,Introvert,Extrovert,0.06333334,0.87333332,5.0,7.0,8.0,7.0,4.0,No,No,6549,True
6593,Introvert,Extrovert,0.0,1.0,0.0,7.0,8.0,3.0,7.0,No,No,6593,True
6605,Extrovert,Introvert,0.99666584,0.99333168,10.0,1.0,2.0,2.0,0.0,Yes,,6605,True
6667,Introvert,Extrovert,0.01,0.98,0.0,6.0,5.0,7.0,7.0,No,No,6667,True
6670,Introvert,Extrovert,0.0,1.0,2.0,5.0,9.0,7.0,9.0,No,No,6670,True
6698,Introvert,Extrovert,0.0,1.0,1.0,8.0,6.0,7.0,7.0,No,No,6698,True
6741,Introvert,Extrovert,0.04666667,0.90666666,2.0,3.0,5.0,5.0,9.0,No,No,6741,True
6759,Extrovert,Introvert,0.9833325,0.9666650000000001,9.0,0.0,5.0,2.0,1.0,Yes,,6759,True
6912,Extrovert,Introvert,0.9933325,0.9866649999999999,8.0,3.0,5.0,3.0,0.0,Yes,Yes,6912,True
7067,Introvert,Extrovert,0.05333334,0.89333332,1.0,6.0,15.0,5.0,9.0,No,No,7067,True
7075,Extrovert,Introvert,0.98666584,0.97333168,10.0,1.0,0.0,2.0,1.0,Yes,Yes,7075,True
7095,Introvert,Extrovert,0.016666668,0.966666664,3.0,3.0,8.0,6.0,8.0,,No,7095,True
7141,Introvert,Extrovert,0.0033333334,0.9933333332,2.0,9.0,11.0,5.0,9.0,No,No,7141,True
7152,Introvert,Extrovert,0.0,1.0,1.0,7.0,12.0,5.0,9.0,,No,7152,True
7160,Extrovert,Introvert,0.9799992,0.9599983999999999,6.0,0.0,4.0,2.0,2.0,Yes,,7160,True
7183,Introvert,Extrovert,0.0,1.0,1.0,6.0,9.0,7.0,4.0,No,No,7183,True
7228,Introvert,Extrovert,0.0,1.0,0.0,10.0,12.0,5.0,6.0,No,No,7228,True
7239,Introvert,Extrovert,0.023333335,0.95333333,0.0,3.0,6.0,5.0,9.0,No,No,7239,True
7339,Extrovert,Introvert,0.9699992,0.9399983999999999,7.0,0.0,2.0,2.0,2.0,Yes,,7339,True
7348,Introvert,Extrovert,0.0,1.0,2.0,5.0,11.0,3.0,3.0,No,No,7348,True
7373,Introvert,Extrovert,0.02666667,0.94666666,,8.0,11.0,5.0,,No,No,7373,True
7384,Extrovert,Introvert,0.9899992,0.9799983999999999,10.0,4.0,2.0,0.0,2.0,Yes,Yes,7384,True
7410,Introvert,Extrovert,0.0033333334,0.9933333332,2.0,7.0,14.0,4.0,4.0,No,,7410,True
7423,Extrovert,Introvert,0.9233326,0.8466651999999999,6.0,1.0,2.0,2.0,2.0,Yes,Yes,7423,True
7455,Introvert,Extrovert,0.006666667,0.986666666,3.0,,12.0,6.0,5.0,No,No,7455,True
7477,Introvert,Extrovert,0.09333331,0.81333338,4.0,2.0,5.0,7.0,9.0,,No,7477,True
7536,Introvert,Extrovert,0.0,1.0,1.0,8.0,8.0,7.0,5.0,No,No,7536,True
7554,Introvert,Extrovert,0.020000001,0.959999998,,0.0,5.0,4.0,6.0,No,No,7554,True
7566,Extrovert,Introvert,0.9566659,0.9133317999999999,5.0,1.0,4.0,3.0,0.0,Yes,Yes,7566,True
7571,Introvert,Extrovert,0.0033333334,0.9933333332,3.0,7.0,15.0,5.0,3.0,No,No,7571,True
7576,Introvert,Extrovert,0.0,1.0,2.0,6.0,7.0,4.0,5.0,No,No,7576,True
7616,Introvert,Extrovert,0.056666672,0.886666656,4.0,3.0,5.0,4.0,1.0,No,No,7616,True
7696,Extrovert,Introvert,0.99999917,0.9999983400000001,10.0,1.0,5.0,1.0,1.0,Yes,Yes,7696,True
7706,Introvert,Extrovert,0.0033333334,0.9933333332,1.0,7.0,13.0,5.0,7.0,No,No,7706,True
7711,Introvert,Extrovert,0.0,1.0,3.0,8.0,7.0,6.0,4.0,No,No,7711,True
7726,Extrovert,Introvert,0.99999917,0.9999983400000001,7.0,,5.0,1.0,1.0,Yes,Yes,7726,True
7727,Introvert,Extrovert,0.040000003,0.919999994,,8.0,14.0,5.0,,No,No,7727,True
7759,Extrovert,Introvert,0.9833325,0.9666650000000001,9.0,1.0,4.0,0.0,0.0,Yes,Yes,7759,True
7783,Extrovert,Introvert,0.9933325,0.9866649999999999,6.0,,2.0,2.0,2.0,Yes,Yes,7783,True
7801,Extrovert,Introvert,0.99999917,0.9999983400000001,4.0,0.0,,2.0,0.0,Yes,Yes,7801,True
7813,Introvert,Extrovert,0.0,1.0,3.0,5.0,11.0,5.0,4.0,No,No,7813,True
7829,Extrovert,Introvert,0.9933325,0.9866649999999999,11.0,2.0,0.0,,1.0,Yes,Yes,7829,True
7837,Extrovert,Introvert,0.9233326,0.8466651999999999,5.0,0.0,5.0,0.0,6.0,Yes,Yes,7837,True
7859,Extrovert,Introvert,0.98666584,0.97333168,5.0,0.0,0.0,2.0,3.0,Yes,Yes,7859,True
7862,Introvert,Extrovert,0.0,1.0,0.0,4.0,8.0,7.0,8.0,No,No,7862,True
7881,Introvert,Extrovert,0.0033333334,0.9933333332,2.0,9.0,6.0,5.0,10.0,No,No,7881,True
7902,Introvert,Extrovert,0.0,1.0,3.0,5.0,,3.0,9.0,No,No,7902,True
7913,Introvert,Extrovert,0.0033333334,0.9933333332,1.0,7.0,11.0,7.0,9.0,No,No,7913,True
7918,Introvert,Extrovert,0.0033333334,0.9933333332,3.0,3.0,14.0,4.0,4.0,No,No,7918,True
7931,Introvert,Extrovert,0.0033333334,0.9933333332,0.0,5.0,5.0,7.0,9.0,No,No,7931,True
8002,Introvert,Extrovert,0.0,1.0,0.0,7.0,13.0,5.0,8.0,No,No,8002,True
8056,Extrovert,Introvert,0.99666584,0.99333168,5.0,2.0,5.0,3.0,1.0,Yes,Yes,8056,True
8092,Introvert,Extrovert,0.0,1.0,1.0,8.0,13.0,7.0,8.0,No,No,8092,True
8113,Introvert,Extrovert,0.0,1.0,2.0,9.0,14.0,5.0,4.0,No,No,8113,True
8117,Introvert,Extrovert,0.006666667,0.986666666,1.0,9.0,10.0,4.0,8.0,No,,8117,True
8145,Introvert,Extrovert,0.0,1.0,0.0,8.0,5.0,4.0,7.0,No,No,8145,True
8196,Extrovert,Introvert,0.97666585,0.9533316999999999,,0.0,4.0,3.0,0.0,Yes,Yes,8196,True
8204,Extrovert,Introvert,0.98666584,0.97333168,9.0,3.0,7.0,2.0,4.0,Yes,Yes,8204,True
8227,Extrovert,Introvert,0.9599992,0.9199984000000001,,2.0,4.0,2.0,0.0,Yes,Yes,8227,True
8233,Introvert,Extrovert,0.01,0.98,0.0,4.0,15.0,,7.0,No,No,8233,True
8276,Introvert,Extrovert,0.020000001,0.959999998,,6.0,12.0,5.0,6.0,No,No,8276,True
8284,Extrovert,Introvert,0.99999917,0.9999983400000001,7.0,3.0,2.0,3.0,3.0,Yes,Yes,8284,True
8291,Extrovert,Introvert,0.9899992,0.9799983999999999,10.0,0.0,3.0,2.0,,Yes,Yes,8291,True
8318,Introvert,Extrovert,0.006666667,0.986666666,1.0,5.0,11.0,4.0,3.0,,No,8318,True
8350,Introvert,Extrovert,0.0,1.0,0.0,6.0,7.0,6.0,6.0,No,No,8350,True
8377,Introvert,Extrovert,0.0,1.0,3.0,5.0,9.0,3.0,8.0,No,No,8377,True
8386,Extrovert,Introvert,0.98666584,0.97333168,,2.0,5.0,3.0,2.0,Yes,Yes,8386,True
8394,Introvert,Extrovert,0.01,0.98,,5.0,15.0,3.0,6.0,No,No,8394,True
8440,Extrovert,Introvert,0.99666584,0.99333168,9.0,2.0,4.0,2.0,0.0,Yes,Yes,8440,True
8452,Introvert,Extrovert,0.013333334,0.973333332,,8.0,11.0,6.0,3.0,No,No,8452,True
8501,Introvert,Extrovert,0.0,1.0,1.0,6.0,10.0,,9.0,No,No,8501,True
8578,Introvert,Extrovert,0.0,1.0,1.0,8.0,8.0,6.0,10.0,No,No,8578,True
8608,Introvert,Extrovert,0.006666667,0.986666666,5.0,7.0,10.0,3.0,5.0,No,No,8608,True
8659,Introvert,Extrovert,0.0,1.0,2.0,7.0,11.0,6.0,4.0,No,No,8659,True
8688,Extrovert,Introvert,0.99666584,0.99333168,8.0,2.0,3.0,0.0,3.0,Yes,Yes,8688,True
8760,Extrovert,Introvert,0.99999917,0.9999983400000001,10.0,2.0,3.0,0.0,,Yes,Yes,8760,True
8803,Extrovert,Introvert,0.99666584,0.99333168,4.0,2.0,2.0,0.0,1.0,Yes,,8803,True
8842,Introvert,Extrovert,0.0,1.0,0.0,6.0,5.0,3.0,3.0,No,No,8842,True
8847,Introvert,Extrovert,0.0,1.0,3.0,8.0,,4.0,8.0,No,No,8847,True
8859,Introvert,Extrovert,0.0,1.0,4.0,9.0,9.0,7.0,6.0,No,No,8859,True
8923,Introvert,Extrovert,0.0,1.0,0.0,9.0,11.0,6.0,5.0,,No,8923,True
9012,Introvert,Extrovert,0.0,1.0,1.0,4.0,4.0,6.0,4.0,No,No,9012,True
9018,Extrovert,Introvert,0.9899992,0.9799983999999999,10.0,0.0,3.0,1.0,0.0,Yes,,9018,True
9025,Introvert,Extrovert,0.016666668,0.966666664,0.0,3.0,14.0,5.0,9.0,No,No,9025,True
9040,Extrovert,Introvert,0.9599992,0.9199984000000001,4.0,1.0,5.0,3.0,0.0,Yes,Yes,9040,True
9157,Extrovert,Introvert,0.99999917,0.9999983400000001,7.0,3.0,1.0,,0.0,Yes,Yes,9157,True
9178,Introvert,Extrovert,0.0,1.0,3.0,6.0,9.0,5.0,6.0,No,No,9178,True
9218,Extrovert,Introvert,0.96666586,0.93333172,3.0,0.0,4.0,0.0,2.0,Yes,Yes,9218,True
9306,Introvert,Extrovert,0.01,0.98,4.0,5.0,10.0,7.0,10.0,No,No,9306,True
9311,Extrovert,Introvert,0.9899992,0.9799983999999999,11.0,0.0,4.0,0.0,1.0,,Yes,9311,True
9317,Extrovert,Introvert,0.99999917,0.9999983400000001,10.0,3.0,4.0,1.0,1.0,Yes,,9317,True
9363,Introvert,Extrovert,0.016666668,0.966666664,0.0,8.0,5.0,5.0,5.0,,No,9363,True
9410,Introvert,Extrovert,0.0,1.0,1.0,8.0,15.0,5.0,4.0,No,No,9410,True
9445,Introvert,Extrovert,0.0033333334,0.9933333332,4.0,4.0,15.0,4.0,4.0,No,No,9445,True
9487,Extrovert,Introvert,0.96666586,0.93333172,6.0,3.0,,3.0,2.0,Yes,Yes,9487,True
9501,Extrovert,Introvert,0.9933325,0.9866649999999999,6.0,2.0,,2.0,2.0,Yes,Yes,9501,True
9521,Extrovert,Introvert,0.99666584,0.99333168,11.0,2.0,4.0,3.0,0.0,Yes,Yes,9521,True
9578,Extrovert,Introvert,0.99999917,0.9999983400000001,5.0,2.0,5.0,2.0,3.0,Yes,Yes,9578,True
9601,Introvert,Extrovert,0.0,1.0,3.0,6.0,8.0,7.0,6.0,,No,9601,True
9628,Extrovert,Introvert,0.90999925,0.8199985000000001,5.0,1.0,4.0,6.0,3.0,Yes,Yes,9628,True
9636,Introvert,Extrovert,0.006666667,0.986666666,3.0,8.0,6.0,7.0,,No,No,9636,True
9716,Introvert,Extrovert,0.0,1.0,1.0,3.0,11.0,7.0,7.0,No,No,9716,True
9738,Introvert,Extrovert,0.0,1.0,1.0,6.0,11.0,5.0,,No,No,9738,True
9750,Extrovert,Introvert,0.99999917,0.9999983400000001,6.0,0.0,3.0,3.0,0.0,Yes,Yes,9750,True
9818,Introvert,Extrovert,0.006666667,0.986666666,3.0,4.0,15.0,4.0,7.0,,No,9818,True
9830,Extrovert,Introvert,0.9699992,0.9399983999999999,11.0,3.0,4.0,5.0,1.0,Yes,Yes,9830,True
9894,Introvert,Extrovert,0.01,0.98,0.0,3.0,10.0,6.0,7.0,No,No,9894,True
10004,Extrovert,Introvert,0.9933325,0.9866649999999999,6.0,2.0,4.0,0.0,1.0,,Yes,10004,True
10022,Extrovert,Introvert,0.9899992,0.9799983999999999,8.0,1.0,4.0,3.0,,Yes,Yes,10022,True
10027,Extrovert,Introvert,0.98666584,0.97333168,9.0,1.0,3.0,0.0,2.0,Yes,Yes,10027,True
10080,Extrovert,Introvert,0.9899992,0.9799983999999999,5.0,2.0,,,0.0,Yes,Yes,10080,True
10120,Introvert,Extrovert,0.01,0.98,0.0,3.0,7.0,7.0,4.0,No,No,10120,True
10149,Extrovert,Introvert,0.9933325,0.9866649999999999,8.0,1.0,1.0,2.0,2.0,Yes,,10149,True
10164,Introvert,Extrovert,0.0,1.0,2.0,10.0,9.0,5.0,5.0,No,No,10164,True
10169,Introvert,Extrovert,0.0,1.0,0.0,6.0,14.0,5.0,8.0,No,No,10169,True
10243,Introvert,Extrovert,0.043333337,0.9133333260000001,5.0,8.0,15.0,5.0,3.0,No,No,10243,True
10254,Introvert,Extrovert,0.0,1.0,3.0,8.0,12.0,7.0,7.0,No,No,10254,True
10282,Introvert,Extrovert,0.0,1.0,0.0,,8.0,6.0,10.0,No,No,10282,True
10331,Introvert,Extrovert,0.0,1.0,2.0,8.0,,7.0,6.0,No,No,10331,True
10374,Extrovert,Introvert,0.9933325,0.9866649999999999,11.0,0.0,,0.0,1.0,Yes,Yes,10374,True
10427,Introvert,Extrovert,0.01,0.98,1.0,6.0,15.0,5.0,7.0,No,No,10427,True
10474,Extrovert,Introvert,0.9933325,0.9866649999999999,6.0,0.0,8.0,2.0,3.0,Yes,Yes,10474,True
10479,Introvert,Extrovert,0.01,0.98,3.0,3.0,10.0,6.0,3.0,No,No,10479,True
10480,Introvert,Extrovert,0.0,1.0,1.0,7.0,6.0,4.0,7.0,No,No,10480,True
10482,Introvert,Extrovert,0.0033333334,0.9933333332,2.0,,10.0,4.0,8.0,No,No,10482,True
10497,Introvert,Extrovert,0.0,1.0,,7.0,10.0,5.0,6.0,No,No,10497,True
10510,Extrovert,Introvert,0.9266659,0.8533318000000001,7.0,3.0,5.0,2.0,0.0,,Yes,10510,True
10630,Extrovert,Introvert,0.9466659,0.8933317999999999,5.0,5.0,1.0,0.0,2.0,Yes,Yes,10630,True
10634,Extrovert,Introvert,0.9933325,0.9866649999999999,,1.0,0.0,3.0,2.0,Yes,Yes,10634,True
10642,Introvert,Extrovert,0.0,1.0,1.0,9.0,8.0,5.0,,No,No,10642,True
10657,Introvert,Extrovert,0.0,1.0,2.0,3.0,8.0,7.0,9.0,No,No,10657,True
10669,Introvert,Extrovert,0.0,1.0,1.0,4.0,6.0,4.0,4.0,No,No,10669,True
10723,Introvert,Extrovert,0.08666665,0.8266667,4.0,6.0,4.0,6.0,5.0,No,No,10723,True
10752,Extrovert,Introvert,0.99666584,0.99333168,8.0,2.0,2.0,,1.0,Yes,Yes,10752,True
10756,Extrovert,Introvert,0.99999917,0.9999983400000001,9.0,,1.0,0.0,2.0,Yes,Yes,10756,True
10761,Extrovert,Introvert,0.9899992,0.9799983999999999,9.0,2.0,1.0,0.0,3.0,Yes,Yes,10761,True
10801,Extrovert,Introvert,0.9933325,0.9866649999999999,8.0,2.0,2.0,1.0,,Yes,Yes,10801,True
10834,Extrovert,Introvert,0.9933325,0.9866649999999999,8.0,2.0,0.0,2.0,1.0,Yes,Yes,10834,True
10844,Introvert,Extrovert,0.08333332,0.83333336,8.0,8.0,12.0,6.0,4.0,No,No,10844,True
10854,Extrovert,Introvert,0.98666584,0.97333168,9.0,0.0,2.0,2.0,2.0,,Yes,10854,True
10882,Extrovert,Introvert,0.9833325,0.9666650000000001,7.0,0.0,5.0,1.0,0.0,Yes,Yes,10882,True
10888,Extrovert,Introvert,0.9066659,0.8133318,11.0,1.0,5.0,3.0,2.0,Yes,Yes,10888,True
11006,Introvert,Extrovert,0.0,1.0,0.0,4.0,10.0,6.0,5.0,No,No,11006,True
11036,Introvert,Extrovert,0.0,1.0,1.0,4.0,14.0,4.0,,No,No,11036,True
11044,Introvert,Extrovert,0.020000001,0.959999998,3.0,3.0,7.0,6.0,3.0,No,No,11044,True
11046,Extrovert,Introvert,0.9933325,0.9866649999999999,11.0,2.0,3.0,0.0,2.0,Yes,,11046,True
11081,Extrovert,Introvert,0.9799992,0.9599983999999999,7.0,3.0,0.0,2.0,1.0,Yes,Yes,11081,True
11247,Introvert,Extrovert,0.0,1.0,2.0,7.0,7.0,3.0,9.0,No,No,11247,True
11255,Introvert,Extrovert,0.006666667,0.986666666,0.0,5.0,14.0,5.0,7.0,,No,11255,True
11259,Introvert,Extrovert,0.0,1.0,0.0,3.0,12.0,3.0,5.0,No,No,11259,True
11334,Introvert,Extrovert,0.030000003,0.939999994,,7.0,10.0,7.0,7.0,No,No,11334,True
11360,Introvert,Extrovert,0.0,1.0,,8.0,10.0,7.0,6.0,No,No,11360,True
11456,Introvert,Extrovert,0.0033333334,0.9933333332,1.0,8.0,14.0,7.0,5.0,No,No,11456,True
11467,Extrovert,Introvert,0.99999917,0.9999983400000001,9.0,,3.0,2.0,2.0,Yes,Yes,11467,True
11472,Extrovert,Introvert,0.99999917,0.9999983400000001,5.0,1.0,3.0,2.0,0.0,Yes,Yes,11472,True
11545,Extrovert,Introvert,0.9933325,0.9866649999999999,5.0,1.0,0.0,0.0,2.0,Yes,Yes,11545,True
11546,Extrovert,Introvert,0.9933325,0.9866649999999999,8.0,0.0,1.0,0.0,,Yes,Yes,11546,True
11557,Extrovert,Introvert,0.99999917,0.9999983400000001,9.0,1.0,3.0,,1.0,Yes,Yes,11557,True
11608,Extrovert,Introvert,0.99999917,0.9999983400000001,7.0,2.0,1.0,2.0,1.0,,Yes,11608,True
11613,Extrovert,Introvert,0.96333253,0.9266650599999999,7.0,5.0,5.0,0.0,0.0,Yes,Yes,11613,True
11615,Introvert,Extrovert,0.006666667,0.986666666,4.0,8.0,10.0,6.0,7.0,No,No,11615,True
11625,Extrovert,Introvert,0.99999917,0.9999983400000001,9.0,3.0,1.0,1.0,2.0,Yes,Yes,11625,True
11627,Extrovert,Introvert,0.9799992,0.9599983999999999,4.0,2.0,3.0,2.0,5.0,Yes,Yes,11627,True
11715,Introvert,Extrovert,0.0,1.0,2.0,7.0,7.0,6.0,9.0,No,No,11715,True
11758,Extrovert,Introvert,0.99666584,0.99333168,6.0,0.0,1.0,,0.0,Yes,,11758,True
11781,Introvert,Extrovert,0.0,1.0,,7.0,8.0,5.0,7.0,No,No,11781,True
11794,Introvert,Extrovert,0.02666667,0.94666666,4.0,9.0,15.0,5.0,6.0,No,No,11794,True
11820,Extrovert,Introvert,0.9266659,0.8533318000000001,7.0,0.0,5.0,2.0,1.0,Yes,,11820,True
11847,Introvert,Extrovert,0.0,1.0,0.0,7.0,10.0,5.0,3.0,No,No,11847,True
11875,Extrovert,Introvert,0.9899992,0.9799983999999999,11.0,1.0,0.0,1.0,2.0,Yes,,11875,True
11936,Introvert,Extrovert,0.0,1.0,2.0,9.0,6.0,5.0,9.0,,No,11936,True
11937,Extrovert,Introvert,0.9499992,0.8999984000000001,10.0,2.0,2.0,2.0,2.0,,Yes,11937,True
11961,Introvert,Extrovert,0.0,1.0,0.0,6.0,10.0,5.0,6.0,,No,11961,True
11962,Extrovert,Introvert,0.96666586,0.93333172,5.0,1.0,2.0,2.0,2.0,Yes,Yes,11962,True
11981,Introvert,Extrovert,0.0,1.0,0.0,7.0,14.0,5.0,5.0,No,,11981,True
12061,Extrovert,Introvert,0.99999917,0.9999983400000001,4.0,0.0,3.0,1.0,2.0,Yes,Yes,12061,True
12105,Extrovert,Introvert,0.99999917,0.9999983400000001,5.0,2.0,4.0,1.0,1.0,Yes,Yes,12105,True
12139,Introvert,Extrovert,0.023333335,0.95333333,3.0,8.0,3.0,7.0,9.0,No,No,12139,True
12170,Introvert,Extrovert,0.0,1.0,1.0,3.0,5.0,6.0,7.0,No,No,12170,True
12254,Introvert,Extrovert,0.0,1.0,1.0,9.0,12.0,7.0,8.0,No,,12254,True
12283,Introvert,Extrovert,0.006666667,0.986666666,,6.0,14.0,5.0,7.0,No,No,12283,True
12288,Introvert,Extrovert,0.0,1.0,3.0,8.0,12.0,6.0,7.0,,No,12288,True
12294,Extrovert,Introvert,0.9133326,0.8266652000000001,6.0,5.0,3.0,0.0,2.0,Yes,Yes,12294,True
12372,Extrovert,Introvert,0.9933325,0.9866649999999999,7.0,1.0,4.0,3.0,2.0,Yes,Yes,12372,True
12382,Extrovert,Introvert,0.9899992,0.9799983999999999,6.0,2.0,3.0,1.0,1.0,,Yes,12382,True
12385,Extrovert,Introvert,0.99999917,0.9999983400000001,9.0,2.0,3.0,3.0,0.0,Yes,Yes,12385,True
12399,Introvert,Extrovert,0.013333334,0.973333332,0.0,3.0,3.0,6.0,7.0,No,No,12399,True
12412,Extrovert,Introvert,0.9933325,0.9866649999999999,8.0,0.0,3.0,3.0,3.0,Yes,Yes,12412,True
12428,Introvert,Extrovert,0.0033333334,0.9933333332,0.0,5.0,12.0,5.0,4.0,No,No,12428,True
12439,Extrovert,Introvert,0.9933325,0.9866649999999999,8.0,0.0,1.0,1.0,3.0,Yes,Yes,12439,True
12472,Introvert,Extrovert,0.0033333334,0.9933333332,1.0,9.0,10.0,6.0,6.0,No,No,12472,True
12483,Extrovert,Introvert,0.99999917,0.9999983400000001,10.0,2.0,1.0,0.0,3.0,Yes,Yes,12483,True
12491,Extrovert,Introvert,0.99999917,0.9999983400000001,8.0,3.0,5.0,1.0,3.0,Yes,Yes,12491,True
12517,Extrovert,Introvert,0.98666584,0.97333168,4.0,,5.0,2.0,2.0,Yes,Yes,12517,True
12555,Extrovert,Introvert,0.99666584,0.99333168,4.0,3.0,3.0,0.0,3.0,Yes,Yes,12555,True
12569,Extrovert,Introvert,0.9499992,0.8999984000000001,4.0,3.0,0.0,3.0,1.0,,Yes,12569,True
12607,Introvert,Extrovert,0.0,1.0,2.0,5.0,6.0,,8.0,No,No,12607,True
12635,Introvert,Extrovert,0.0,1.0,2.0,7.0,5.0,6.0,8.0,No,No,12635,True
12666,Introvert,Extrovert,0.0,1.0,3.0,9.0,4.0,6.0,9.0,No,No,12666,True
12714,Extrovert,Introvert,0.99999917,0.9999983400000001,,,3.0,0.0,1.0,Yes,Yes,12714,True
12788,Extrovert,Introvert,0.98666584,0.97333168,6.0,1.0,5.0,3.0,2.0,Yes,Yes,12788,True
12811,Introvert,Extrovert,0.0,1.0,0.0,7.0,15.0,7.0,7.0,No,No,12811,True
12833,Extrovert,Introvert,0.98666584,0.97333168,4.0,3.0,1.0,0.0,3.0,Yes,Yes,12833,True
12869,Introvert,Extrovert,0.0,1.0,0.0,5.0,5.0,6.0,7.0,No,No,12869,True
12880,Extrovert,Introvert,0.9899992,0.9799983999999999,9.0,0.0,2.0,2.0,2.0,Yes,Yes,12880,True
12898,Introvert,Extrovert,0.02666667,0.94666666,2.0,,11.0,7.0,10.0,No,No,12898,True
12901,Introvert,Extrovert,0.0,1.0,0.0,4.0,4.0,5.0,9.0,No,No,12901,True
12907,Extrovert,Introvert,0.99999917,0.9999983400000001,10.0,0.0,1.0,1.0,0.0,Yes,Yes,12907,True
12912,Introvert,Extrovert,0.05333334,0.89333332,4.0,9.0,12.0,5.0,8.0,No,No,12912,True
12942,Introvert,Extrovert,0.0,1.0,0.0,9.0,8.0,7.0,4.0,No,No,12942,True
12983,Introvert,Extrovert,0.01,0.98,,6.0,7.0,6.0,6.0,No,No,12983,True
13033,Extrovert,Introvert,0.97666585,0.9533316999999999,9.0,2.0,4.0,2.0,3.0,Yes,Yes,13033,True
13037,Extrovert,Introvert,0.99999917,0.9999983400000001,4.0,3.0,1.0,0.0,1.0,Yes,,13037,True
13041,Introvert,Extrovert,0.016666668,0.966666664,2.0,5.0,15.0,6.0,4.0,No,No,13041,True
13126,Introvert,Extrovert,0.0,1.0,2.0,6.0,14.0,7.0,3.0,No,No,13126,True
13140,Extrovert,Introvert,0.9899992,0.9799983999999999,9.0,3.0,,0.0,1.0,Yes,Yes,13140,True
13158,Introvert,Extrovert,0.016666668,0.966666664,4.0,5.0,13.0,7.0,7.0,No,No,13158,True
13172,Introvert,Extrovert,0.0033333334,0.9933333332,,10.0,15.0,6.0,8.0,No,No,13172,True
13173,Introvert,Extrovert,0.05333334,0.89333332,2.0,6.0,15.0,5.0,4.0,No,No,13173,True
13225,Extrovert,Introvert,0.9466659,0.8933317999999999,11.0,0.0,0.0,0.0,2.0,Yes,Yes,13225,True
13269,Extrovert,Introvert,0.99666584,0.99333168,4.0,1.0,0.0,2.0,0.0,Yes,Yes,13269,True
13344,Extrovert,Introvert,0.9933325,0.9866649999999999,11.0,1.0,3.0,2.0,0.0,Yes,Yes,13344,True
13395,Extrovert,Introvert,0.95333254,0.90666508,11.0,1.0,0.0,0.0,2.0,Yes,Yes,13395,True
13444,Extrovert,Introvert,0.9899992,0.9799983999999999,9.0,0.0,4.0,1.0,1.0,Yes,,13444,True
13447,Extrovert,Introvert,0.99999917,0.9999983400000001,4.0,3.0,4.0,0.0,0.0,Yes,Yes,13447,True
13460,Introvert,Extrovert,0.01,0.98,4.0,6.0,7.0,6.0,6.0,No,No,13460,True
13477,Introvert,Extrovert,0.0,1.0,0.0,8.0,10.0,7.0,9.0,No,No,13477,True
13484,Extrovert,Introvert,0.9733325,0.9466650000000001,6.0,0.0,4.0,,1.0,,Yes,13484,True
13491,Introvert,Extrovert,0.006666667,0.986666666,0.0,4.0,12.0,6.0,7.0,No,No,13491,True
13508,Introvert,Extrovert,0.006666667,0.986666666,2.0,7.0,11.0,7.0,8.0,No,No,13508,True
13521,Introvert,Extrovert,0.0033333334,0.9933333332,3.0,4.0,11.0,6.0,4.0,,No,13521,True
13551,Introvert,Extrovert,0.0033333334,0.9933333332,2.0,6.0,14.0,5.0,4.0,No,No,13551,True
13577,Introvert,Extrovert,0.0,1.0,,5.0,14.0,7.0,3.0,No,No,13577,True
13599,Introvert,Extrovert,0.0,1.0,,6.0,8.0,3.0,6.0,No,No,13599,True
13608,Introvert,Extrovert,0.02666667,0.94666666,3.0,6.0,15.0,5.0,9.0,No,No,13608,True
13620,Extrovert,Introvert,0.9833325,0.9666650000000001,9.0,3.0,5.0,2.0,0.0,,Yes,13620,True
13727,Extrovert,Introvert,0.9933325,0.9866649999999999,6.0,2.0,1.0,2.0,2.0,Yes,Yes,13727,True
13792,Introvert,Extrovert,0.0,1.0,0.0,6.0,10.0,4.0,3.0,No,No,13792,True
13799,Extrovert,Introvert,0.98666584,0.97333168,5.0,2.0,5.0,2.0,0.0,Yes,Yes,13799,True
13897,Extrovert,Introvert,0.99999917,0.9999983400000001,6.0,3.0,2.0,1.0,0.0,Yes,Yes,13897,True
13927,Introvert,Extrovert,0.0033333334,0.9933333332,,5.0,4.0,6.0,6.0,No,No,13927,True
13950,Extrovert,Introvert,0.9033326,0.8066652000000001,3.0,1.0,4.0,2.0,1.0,Yes,Yes,13950,True
14083,Introvert,Extrovert,0.0,1.0,0.0,7.0,7.0,4.0,8.0,,No,14083,True
14121,Introvert,Extrovert,0.02666667,0.94666666,3.0,3.0,14.0,6.0,9.0,No,No,14121,True
14188,Extrovert,Introvert,0.99999917,0.9999983400000001,11.0,2.0,1.0,2.0,1.0,Yes,Yes,14188,True
14205,Introvert,Extrovert,0.0,1.0,1.0,8.0,14.0,5.0,6.0,,No,14205,True
14256,Extrovert,Introvert,0.9933325,0.9866649999999999,10.0,0.0,3.0,2.0,2.0,Yes,Yes,14256,True
14296,Extrovert,Introvert,0.99666584,0.99333168,5.0,2.0,0.0,0.0,1.0,Yes,Yes,14296,True
14378,Introvert,Extrovert,0.0033333334,0.9933333332,0.0,5.0,14.0,4.0,6.0,No,No,14378,True
14415,Extrovert,Introvert,0.98666584,0.97333168,7.0,3.0,,2.0,2.0,Yes,Yes,14415,True
14503,Introvert,Extrovert,0.023333335,0.95333333,0.0,5.0,14.0,,7.0,No,No,14503,True
14530,Extrovert,Introvert,0.99666584,0.99333168,6.0,0.0,4.0,1.0,3.0,Yes,Yes,14530,True
14687,Introvert,Extrovert,0.07333333,0.85333334,5.0,9.0,13.0,3.0,6.0,No,No,14687,True
14729,Extrovert,Introvert,0.99666584,0.99333168,9.0,3.0,2.0,2.0,0.0,Yes,Yes,14729,True
14753,Introvert,Extrovert,0.07,0.86,3.0,3.0,3.0,4.0,0.0,No,No,14753,True
14795,Introvert,Extrovert,0.0,1.0,0.0,8.0,14.0,4.0,6.0,No,No,14795,True
14813,Extrovert,Introvert,0.99999917,0.9999983400000001,9.0,0.0,4.0,0.0,2.0,Yes,Yes,14813,True
14837,Extrovert,Introvert,0.9933325,0.9866649999999999,8.0,2.0,2.0,1.0,2.0,Yes,,14837,True
14847,Introvert,Extrovert,0.0,1.0,2.0,9.0,15.0,6.0,7.0,No,No,14847,True
14883,Extrovert,Introvert,0.9799992,0.9599983999999999,5.0,3.0,0.0,3.0,1.0,Yes,Yes,14883,True
14898,Extrovert,Introvert,0.99999917,0.9999983400000001,5.0,0.0,4.0,1.0,,,Yes,14898,True
14954,Extrovert,Introvert,0.9899992,0.9799983999999999,10.0,3.0,2.0,2.0,3.0,Yes,Yes,14954,True
15072,Introvert,Extrovert,0.0,1.0,2.0,8.0,8.0,,6.0,No,No,15072,True
15115,Introvert,Extrovert,0.006666667,0.986666666,3.0,8.0,6.0,7.0,4.0,No,No,15115,True
15119,Introvert,Extrovert,0.006666667,0.986666666,2.0,8.0,7.0,7.0,10.0,No,No,15119,True
15129,Extrovert,Introvert,0.99999917,0.9999983400000001,,3.0,3.0,1.0,2.0,Yes,Yes,15129,True
15131,Extrovert,Introvert,0.9133326,0.8266652000000001,11.0,1.0,4.0,3.0,2.0,Yes,Yes,15131,True
15149,Introvert,Extrovert,0.0033333334,0.9933333332,0.0,4.0,7.0,6.0,5.0,,No,15149,True
15228,Extrovert,Introvert,0.99999917,0.9999983400000001,4.0,0.0,5.0,0.0,2.0,Yes,Yes,15228,True
15255,Introvert,Extrovert,0.0033333334,0.9933333332,1.0,8.0,10.0,6.0,10.0,No,No,15255,True
15355,Extrovert,Introvert,0.9899992,0.9799983999999999,6.0,0.0,4.0,3.0,1.0,Yes,Yes,15355,True
15370,Introvert,Extrovert,0.023333335,0.95333333,,6.0,12.0,7.0,7.0,No,No,15370,True
15395,Introvert,Extrovert,0.030000003,0.939999994,4.0,7.0,4.0,7.0,7.0,No,No,15395,True
15443,Extrovert,Introvert,0.9933325,0.9866649999999999,4.0,0.0,3.0,2.0,0.0,Yes,Yes,15443,True
15454,Introvert,Extrovert,0.0,1.0,0.0,,14.0,7.0,7.0,No,No,15454,True
15493,Extrovert,Introvert,0.96333253,0.9266650599999999,7.0,0.0,5.0,1.0,2.0,Yes,Yes,15493,True
15504,Introvert,Extrovert,0.013333334,0.973333332,4.0,3.0,13.0,7.0,8.0,No,No,15504,True
15537,Extrovert,Introvert,0.97666585,0.9533316999999999,9.0,5.0,5.0,3.0,3.0,Yes,Yes,15537,True
15540,Extrovert,Introvert,0.99666584,0.99333168,7.0,3.0,,0.0,0.0,Yes,Yes,15540,True
15568,Extrovert,Introvert,0.9933325,0.9866649999999999,7.0,1.0,0.0,1.0,,Yes,Yes,15568,True
15589,Introvert,Extrovert,0.0,1.0,2.0,5.0,15.0,5.0,9.0,No,No,15589,True
15648,Extrovert,Introvert,0.95333254,0.90666508,11.0,1.0,2.0,3.0,2.0,Yes,Yes,15648,True
15654,Introvert,Extrovert,0.03666667,0.92666666,0.0,7.0,3.0,7.0,7.0,No,No,15654,True
15678,Introvert,Extrovert,0.0033333334,0.9933333332,1.0,6.0,5.0,5.0,9.0,,No,15678,True
15683,Introvert,Extrovert,0.0,1.0,0.0,6.0,13.0,6.0,7.0,No,No,15683,True
15709,Extrovert,Introvert,0.99999917,0.9999983400000001,10.0,,2.0,1.0,1.0,Yes,Yes,15709,True
15743,Introvert,Extrovert,0.0,1.0,2.0,6.0,5.0,7.0,5.0,No,No,15743,True
15908,Extrovert,Introvert,0.99666584,0.99333168,10.0,1.0,1.0,,2.0,Yes,Yes,15908,True
15946,Extrovert,Introvert,0.90999925,0.8199985000000001,0.0,2.0,4.0,0.0,1.0,Yes,Yes,15946,True
15960,Introvert,Extrovert,0.040000003,0.919999994,4.0,9.0,10.0,6.0,7.0,No,No,15960,True
15972,Introvert,Extrovert,0.0,1.0,1.0,6.0,15.0,4.0,,No,No,15972,True
16145,Introvert,Extrovert,0.006666667,0.986666666,2.0,6.0,11.0,7.0,9.0,No,No,16145,True
16165,Extrovert,Introvert,0.99666584,0.99333168,11.0,2.0,4.0,1.0,3.0,Yes,Yes,16165,True
16188,Introvert,Extrovert,0.0,1.0,3.0,5.0,5.0,7.0,8.0,No,No,16188,True
16204,Extrovert,Introvert,0.99666584,0.99333168,4.0,3.0,,2.0,1.0,Yes,Yes,16204,True
16244,Introvert,Extrovert,0.0,1.0,3.0,6.0,12.0,5.0,3.0,,No,16244,True
16275,Introvert,Extrovert,0.006666667,0.986666666,0.0,5.0,15.0,4.0,4.0,,No,16275,True
16371,Introvert,Extrovert,0.0,1.0,3.0,5.0,6.0,7.0,7.0,No,No,16371,True
16400,Introvert,Extrovert,0.0,1.0,,8.0,12.0,,9.0,No,No,16400,True
16434,Extrovert,Introvert,0.99666584,0.99333168,4.0,1.0,5.0,1.0,2.0,Yes,Yes,16434,True
16473,Extrovert,Introvert,0.99666584,0.99333168,4.0,0.0,2.0,2.0,3.0,Yes,Yes,16473,True
16567,Introvert,Extrovert,0.0,1.0,0.0,9.0,13.0,6.0,9.0,No,No,16567,True
16638,Introvert,Extrovert,0.0,1.0,0.0,9.0,13.0,7.0,5.0,No,No,16638,True
16643,Extrovert,Introvert,0.9833325,0.9666650000000001,8.0,3.0,4.0,2.0,0.0,,Yes,16643,True
16655,Introvert,Extrovert,0.0033333334,0.9933333332,3.0,,11.0,5.0,10.0,No,No,16655,True
16703,Introvert,Extrovert,0.0,1.0,0.0,5.0,10.0,3.0,10.0,No,No,16703,True
16783,Introvert,Extrovert,0.0,1.0,3.0,6.0,15.0,3.0,9.0,No,No,16783,True
16801,Introvert,Extrovert,0.0,1.0,0.0,10.0,9.0,5.0,9.0,No,No,16801,True
16847,Introvert,Extrovert,0.0,1.0,0.0,9.0,12.0,5.0,3.0,No,No,16847,True
16848,Introvert,Extrovert,0.0,1.0,1.0,,9.0,4.0,3.0,No,No,16848,True
16854,Introvert,Extrovert,0.0,1.0,1.0,7.0,8.0,5.0,7.0,No,No,16854,True
16917,Extrovert,Introvert,0.9266659,0.8533318000000001,3.0,2.0,5.0,0.0,0.0,Yes,Yes,16917,True
16953,Introvert,Extrovert,0.013333334,0.973333332,1.0,9.0,12.0,7.0,8.0,No,No,16953,True
16976,Introvert,Extrovert,0.0,1.0,1.0,6.0,13.0,4.0,5.0,No,,16976,True
17013,Extrovert,Introvert,0.99999917,0.9999983400000001,10.0,3.0,5.0,,1.0,Yes,Yes,17013,True
17091,Introvert,Extrovert,0.0,1.0,3.0,4.0,8.0,3.0,7.0,No,No,17091,True
17116,Introvert,Extrovert,0.020000001,0.959999998,6.0,4.0,8.0,6.0,7.0,No,No,17116,True
17141,Extrovert,Introvert,0.9366659,0.8733318000000001,6.0,0.0,2.0,2.0,2.0,Yes,Yes,17141,True
17143,Extrovert,Introvert,0.99999917,0.9999983400000001,10.0,2.0,5.0,0.0,2.0,,Yes,17143,True
17287,Introvert,Extrovert,0.01,0.98,1.0,8.0,5.0,,8.0,No,No,17287,True
17369,Introvert,Extrovert,0.0,1.0,0.0,6.0,8.0,5.0,8.0,No,,17369,True
17386,Extrovert,Introvert,0.93333256,0.86666512,9.0,1.0,0.0,2.0,6.0,Yes,Yes,17386,True
17454,Extrovert,Introvert,0.99999917,0.9999983400000001,5.0,0.0,4.0,3.0,2.0,Yes,Yes,17454,True
17483,Introvert,Extrovert,0.01,0.98,3.0,7.0,15.0,7.0,,No,No,17483,True
17621,Introvert,Extrovert,0.006666667,0.986666666,4.0,7.0,15.0,7.0,4.0,No,No,17621,True
17641,Extrovert,Introvert,0.99999917,0.9999983400000001,9.0,3.0,5.0,1.0,2.0,Yes,Yes,17641,True
17678,Extrovert,Introvert,0.99999917,0.9999983400000001,10.0,2.0,0.0,3.0,2.0,Yes,Yes,17678,True
17733,Extrovert,Introvert,0.9599992,0.9199984000000001,7.0,2.0,7.0,1.0,2.0,Yes,Yes,17733,True
17734,Introvert,Extrovert,0.0,1.0,0.0,9.0,9.0,4.0,6.0,No,No,17734,True
17750,Extrovert,Introvert,0.99999917,0.9999983400000001,9.0,1.0,5.0,1.0,3.0,Yes,Yes,17750,True
17793,Introvert,Extrovert,0.023333335,0.95333333,,5.0,15.0,3.0,8.0,No,No,17793,True
17816,Introvert,Extrovert,0.0033333334,0.9933333332,2.0,7.0,5.0,7.0,9.0,No,No,17816,True
17930,Extrovert,Introvert,0.9566659,0.9133317999999999,11.0,0.0,3.0,0.0,0.0,Yes,,17930,True
17989,Introvert,Extrovert,0.0,1.0,3.0,6.0,12.0,6.0,8.0,No,No,17989,True
17992,Introvert,Extrovert,0.0,1.0,,7.0,11.0,4.0,3.0,No,No,17992,True
18148,Extrovert,Introvert,0.99666584,0.99333168,6.0,1.0,3.0,3.0,3.0,Yes,Yes,18148,True
18276,Introvert,Extrovert,0.0033333334,0.9933333332,0.0,9.0,10.0,5.0,9.0,No,No,18276,True
18282,Extrovert,Introvert,0.9499992,0.8999984000000001,9.0,2.0,8.0,0.0,0.0,Yes,Yes,18282,True
18312,Introvert,Extrovert,0.0,1.0,0.0,5.0,15.0,6.0,9.0,No,No,18312,True
18317,Extrovert,Introvert,0.9899992,0.9799983999999999,11.0,0.0,2.0,0.0,0.0,,Yes,18317,True
18337,Extrovert,Introvert,0.99666584,0.99333168,5.0,3.0,4.0,,2.0,Yes,,18337,True
18377,Extrovert,Introvert,0.97666585,0.9533316999999999,5.0,2.0,7.0,0.0,1.0,Yes,Yes,18377,True
18437,Extrovert,Introvert,0.9733325,0.9466650000000001,11.0,0.0,0.0,2.0,3.0,Yes,Yes,18437,True
18443,Introvert,Extrovert,0.0033333334,0.9933333332,,7.0,9.0,4.0,4.0,No,No,18443,True
18486,Introvert,Extrovert,0.0,1.0,3.0,5.0,6.0,3.0,8.0,No,No,18486,True
